;Pays;Code ISO;Accession à l’enseignement secondaire (%);Adolescents non scolarisés (% des adolescents en âge de fréquenter le 1er cycle du secondaire);Emploi des enfants dans l’agriculture (% d’enfants économiquement actifs de 7 à 14 ans travaillant dans ce secteur);Emploi d’enfants dans le secteur des services (% des enfants économiquement actifs de 7 à 14 ans travaillant dans ce secteur);Emploi d’enfants dans le secteur manufacturier (% des enfants économiquement actifs de 7 à 14 ans travaillant dans ce secteur);Enfants actifs économiquement, qui travaillent uniquement (% de tous les enfants de 7 à 14 ans);Enfants actifs économiquement, qui étudient et travaillent (% de tous les enfants économiquement actifs de 7 à 14 ans);Enfants actifs économiquement, total (% des enfants âgés de 7 à 14 ans);Enfants non scolarisés (% des enfants d’âge primaire);Inscriptions à l’école, enseignement supérieur (% brut);Inscriptions à l’école, primaire (% brut);Inscriptions à l’école, préscolaire, (% brut);Inscriptions à l’école, secondaire (% brut);Ratio femmes/hommes des inscriptions dans l’enseignement supérieur;Ratio filles/garçons des inscriptions au primaire (%);Ratio filles/garçons des inscriptions au secondaire (%);Taux d emploi, 15-24 ans (%) (estimation nationale);Taux d’achèvement de l’école primaire, total (% du groupe d’âge pertinent);Taux d’achèvement du premier cycle des études secondaires, total (% du groupe d’âge pertinent);Taux d’alphabétisation des jeunes (% des jeunes âgés de 15 à 24 ans);Taux d’alphabétisation, total des adultes (% des personnes âgées de 15 ans et plus);Âge de début de l’école primaire (années);Âge de début de l’école secondaire (années)
0;Afghanistan;AFG;89,78307333;;;;;50;50;9,3;;4,61934185;94,89555391;3,080470085;39,70097115;0,294833332;0,599088334;0,442297649;41,56750011;83,51177216;43,78614283;56,20529938;37,2342844;7;13
1;Afrique du Sud;ZAF;96,816158;13,7858057;;;;;;;7,176252484;20,99497159;104,2685801;22,9146471;94,45725923;1,29652667;0,963646107;1,068906461;12,69684209;90,04766973;80,10578003;98,17669678;92,1094408;7;14
2;Albanie;ALB;98,83375333;4,755447477;83,85;9,25;1,26;5,9;94,1;13,75;6,47287329;41,65042702;100,3352468;66,30031927;86,71537379;1,308676845;1,016700007;0,982992951;23,37461545;96,28248644;92,40100316;99,12378998;97,37700806;6;10,6
3;Algérie;DZA;96,59152867;;;;;4,508654831;95,49134517;7,500763698;2,718591751;29,79848688;111,3454405;35,69460883;80,69989777;1,29964929;0,938632629;1,063732732;19,99857167;98,09992298;71,4746062;93,27767372;74,76651573;6;11,4
4;Allemagne;DEU;99,62786667;2,63991471;;;;;;;2,28048055;67,46791712;102,8961936;108,6933072;101,3359261;0,985776663;0,995831665;0,959991111;45,65631585;100,2952402;82,62945938;;;6;10
6;Angola;AGO;46,650085;25,08487384;;;;26,6;73,4;30,1;18,19633245;4,760963354;107,8455823;87,80827522;25,17607975;0,685894001;0,796904004;0,728504275;35,15400009;40,99473667;18,59268634;74,81280899;66,71776581;6;11,4
7;Antigua-et-Barbuda;ATG;99,29605;2,380392432;;;;;;;2,327176994;17,91717267;109,0895683;84,57260132;111,1272911;1,565445006;0,954968995;1,023484004;;102,5244265;95,12589645;;98,94999695;5;12
8;Arabie saoudite;SAU;94,19086375;3,432197601;;;;;;;2,676858644;43,51855489;105,5530793;15,90722649;103,8918753;1,144338947;0,993842146;0,924657149;12,46499991;102,1505737;98,54088783;98,12444814;90,87090302;6;12
9;Argentine;ARG;96,68097938;1,65817235;;;;4,77647;95,22353;8,9626255;0,358018824;72,67041868;114,8515095;67,61236415;99,31133225;1,344431772;0,993551184;1,080578222;32,44769243;100,7372028;83,29604025;99,42415827;98,85279499;6;12
10;Arménie;ARM;98,63207333;6,018591046;;;;0;100;9,9;7,506259339;46,02248563;98,99024482;39,91367902;91,52894756;1,211116847;1,014192631;1,01987198;22,45461537;94,78408051;93,01974429;99,83390045;99,62687937;6,5;10
11;Aruba;ABW;99,02311;5,694058716;;;;;;;1,441609097;28,32570708;111,7516196;102,6994166;98,84094874;1,366054364;0,96316;1,03474084;;94,23503049;94,01079475;99,31920624;97,31502914;6;12
12;Australie;AUS;;1,107231674;;;;;;;1,051243878;115,1316967;103,2991702;106,1667129;148,3163071;1,29163;1,006763895;0,891294986;60,59099998;;;;;5;12
13;Autriche;AUT;99,90480143;1,551075888;;;;;;;1,931846673;77,07024479;101,3351864;95,64225854;99,53965123;1,160786649;0,991996662;0,958371669;52,06842121;98,80267868;99,83844706;;;6;10
14;Azerbaïdjan;AZE;98,93710059;8,762566348;91,7;7,4;0,7;6,3;93,7;5,2;8,53709321;22,78081131;98,53564333;26,63101066;94,62778473;1,071037854;0,982291055;0,999470025;30,74399986;96,29506924;87,08648639;99,95026779;99,76262817;6;10
15;Bahamas;BHS;99,258905;15,52788351;;;;;;;16,74246727;;90,83867696;33,94472885;83,67192125;;0,979654666;1,022193745;;87,43820836;93,98557409;;;5;11
16;Bahreïn;BHR;99,54804909;3,809932635;;;;;;;4,743606643;40,48588721;98,81914215;47,05084674;96,53549915;1,515434156;1,018789319;1,054157224;37,78000069;97,9037868;94,44283337;98,24898224;93,89217987;6;12
17;Bangladesh;BGD;94,51421;28,37453508;50,72;28,29;19,995;53,05591675;46,94408256;12,91352911;3,883716011;11,79528368;105,6980324;23,04619906;56,33101739;0,609692501;1,06156002;1,105858896;40,17200012;64,6584425;63,58698572;83,05785266;62,93395927;6;11
18;Barbade;BRB;98,75946875;5,284142389;;;;;;;3,919087641;62,09685669;98,0604468;82,81576673;105,2340828;1,55445199;0,989895887;1,021109413;31,74857085;96,51420065;102,2888769;99,90000153;99,59999847;5;11
19;Belgique;BEL;;1,628592239;;;;;;;1,314681119;67,40996255;102,4859865;116,9909286;158,4182256;1,206203891;0,997294452;1,127903879;25,84736824;;90,88035173;;;6;12
20;Belize;BLZ;96,54955375;10,31154767;54,66424011;39,09430417;3,767468748;;;;2,477830532;20,68779875;112,2718779;39,93734052;78,68321652;1,384936308;0,960941054;1,04748055;39,08166695;101,1780908;63,0833789;;;5;11
21;Bermudes;BMU;88,1228725;17,18154907;;;;;;;4,50391674;27,41775227;97,88643456;54,92181873;77,13654327;1,510019998;1,014866379;1,134108325;;94,38766734;84,7566291;;;5;11
22;Bhoutan;BTN;97,97464083;23,06520829;;;;;;;15,21046431;8,897807295;98,89564153;13,60793539;66,61544418;0,708979097;0,990682097;1,026340659;32,40833378;82,11382375;62,63840701;84,51828512;58,23113251;6;13
23;Bolivie;BOL;96,10310889;8,190384054;74,595;18,13;6,2925;8,301914333;91,698085;21,93805667;4,916133843;;106,096366;57,26157527;86,61828868;;0,990657783;0,974363337;45,444615;93,54957157;89,10039054;98,95345415;91,21069772;6;12
24;Bosnie-Herzégovine;BIH;95,71881;;;;;0,1;99,9;10,6;;28,83774948;;24,58069038;;1,331879973;;;14,72571427;;;99,5623703;97,56690216;6;10,55
25;Botswana;BWA;97,91420375;1,662185013;;;;;;;11,71261422;17,81094823;108,5661251;17,25860903;82,64361095;1,058698188;0,982457693;1,051467508;25,43800011;99,69794464;91,87317796;95,70686722;84,00594711;6;13
26;Brunéi Darussalam;BRN;98,68897133;1,380714161;;;;;;;0,420080001;21,29273224;107,0292017;62,77173494;95,64134377;1,429554726;0,983256836;1,009743678;28,72250032;108,1892471;104,9156122;99,32316589;95,32360077;6;12
27;Brésil;BRA;96,67524;3,169266661;55,19092551;35,32437923;7,441322154;5,110630172;94,88937033;4,598489379;1,828254988;28,82164743;136,5570085;55,32622242;99,9181118;1,226132221;0,941847781;1,106810004;47,42722236;109,1200733;73,07592519;98,3409511;91,14837646;6,6;11
28;Bulgarie;BGR;98,57077375;5,79473164;;;;;;;4,207124465;56,17419328;101,0469153;79,75422965;94,06998232;1,204459998;0,99004722;0,965481112;22,17736836;98,77178786;46,99010086;98,03876495;98,27800369;7;11
29;Burkina Faso;BFA;71,52596357;61,9447394;70,86;24,92;1,42;74,21110473;25,78889527;47,46666667;40,13181797;3,92281168;74,5313271;3,696709951;24,48422835;0,478300594;0,887059999;0,813695553;44,64000066;46,71766938;21,04107186;40,76175944;28,65586789;6,45;12,45
30;Burundi;BDI;71,56048308;32,81601982;;;;28,6;71,41950303;21,8;24,45308649;3,116149366;112,5727069;8,070706202;27,27699979;0,452146927;0,946017366;0,848818749;51,34000015;50,4535958;22,40348212;76,50672277;59,3242925;7;13
31;Bélarus;BLR;98,80678471;1,30748125;;;;0;100;7;1,078324363;77,5881869;102,5399412;100,0526653;106,6066458;1,26556111;0,991582781;0,975789997;42,20000076;103,3845461;105,3359595;99,83660507;99,68680954;6;10
32;Bénin;BEN;83,652215;34,40871048;;;;34,25;65,75;49,25;7,928559138;10,25822663;115,6266941;14,86736073;42,71950086;0,365745714;0,859234995;0,592917787;40,11499977;64,99645732;34,76660132;50,27821732;34,66779423;6;12
33;Cabo Verde;CPV;94,77087647;7,781352671;;;;;;;4,877058877;15,06114117;111,0842624;67,94886441;83,6896748;1,215527217;0,942396667;1,133231653;22,25250006;94,47814221;71,51160598;98,12014008;86,05904007;6;12
34;Cambodge;KHM;83,41176;43,22604179;76,23;16,28;6,375;17,35;82,65;36,8;5,458233787;8,761952003;121,0704057;14,6440533;32,6176657;0,60327214;0,939793166;0,712837143;72,85833232;84,46791799;41,92112637;88,06647949;77,04015656;6;12
35;Cameroun;CMR;59,43311143;36,64402485;88,365;7,66;2,62;29,79813667;70,20186333;40,43713333;8,128599962;10,06502506;106,7036735;25,30530569;40,46646983;0,759826467;0,872381667;0,810322662;54,29666646;66,33315557;32,50942955;82,93000285;73,01382955;6;12
36;Canada;CAN;;0,287375005;;;;;;;0,358480008;64,6377405;99,65939535;;106,8152155;1,263121541;1,001229334;0,992805711;56,30800018;;;;;6;12
37;Chili;CHL;97,35250286;3,491095831;26,77;63,615;4,87;2,05;97,95;4,3;3,146710833;66,33356049;103,1530546;86,68856812;94,69463259;1,048650594;0,964580003;1,017114709;28,84526303;96,9486742;94,81497669;99,08451653;96,77104855;6;12
38;Chine;CHN;99,35749;;;;;;;;;29,44497831;100,2525085;62,49189444;73,24545097;1,0551953;0,995632001;0,986135713;;95,63797188;100,0511475;99,71294403;95,98268509;6,15;12
39;Chine, RAS de Hong Kong;HKG;99,78563063;3,607758441;;;;;;;1,318408583;57,61827301;107,9748611;108,6640987;92,35820208;1,042947064;1,024566248;0,995502641;34,41999936;103,2104721;98,10530853;;;6;12
40;Chypre;CYP;99,48138875;1,220385557;;;;;;;0,912062222;46,548515;100,1709243;74,91696527;97,2730679;1,096576684;0,998042219;1,007948329;32,58842067;99,41774411;96,96055349;99,79796219;97,74102783;6;12
41;Cisjordanie et Gaza;PSE;98,56237125;9,909273173;;;;;;;8,608580012;42,45994799;93,38110633;41,72613094;86,67399677;1,213034216;0,997702627;1,078081576;16,86631584;94,29926342;81,08055539;99,23791034;95,22525318;6;10
42;Colombie;COL;98,9850975;6,711974961;41,874;42,878;14,152;19,03755667;80,96244333;5,619860833;2,111352682;41,06367964;118,4152065;49,82952361;91,52230263;1,096410005;0,980588822;1,091154382;41,89842104;105,8567797;77,75516622;98,22180367;93,52977435;6;11
43;Comores;COM;88,17675;25,78498983;;;;;;;15,82356625;6,671191126;106,2108742;16,9450656;50,91489737;0,795138563;0,902964008;0,955407134;12,98000002;67,9767046;37,57363815;74,92583084;54,00658035;6;12
44;Congo, République du;COG;74,52847889;;;;;7,43;92,5675;30,78;29,33991504;7,345536232;105,9746679;8,703236659;43,75706005;0,444942493;0,946940015;0,782107502;25,47999954;68,75649738;39,04012574;80,51236216;78,57490794;6;12
45;Congo, République démocratique du;COD;78,72943;;;;;19,97971291;80,02028709;30,79714285;;6,423233807;101,0751169;3,498929168;42,20885637;0,432779998;0,879524545;0,587936666;37,92000008;62,398457;44,76960882;76,19496155;70,10960197;6;12
46;Corée, République de;KOR;99,45940143;2,746390104;;;;;;;1,824268736;94,59013324;100,185265;94,11154302;97,43841341;0,711504999;0,998634441;1,003102783;26,16750002;99,67518404;99,83554241;99,95417023;97,96594238;6;12
47;Corée, République démocratique de;PRK;;;;;;;;;2,24751997;29,04089451;94,35100555;;92,27278137;0,522610009;0,999430001;1,012639999;;97,3324585;;99,99964142;99,99819183;7;11,31578947
48;Costa Rica;CRI;90,967006;6,104715533;40,83;48,98;8,753333333;26,10827927;73,8783874;3,17;1,084193327;49,71429291;113,3180919;76,97576747;103,4601538;1,195088983;0,987709449;1,05178888;38,72000022;96,99749035;56,68870735;99,28184891;97,63518524;6;12
49;Croatie;HRV;99,53199182;2,112858009;;;;;;;2,000259441;53,60370382;97,55417364;57,863188;96,29230454;1,220414433;0,99871823;1,037649996;23,91833316;97,45796473;96,26485661;99,68613815;98,63602066;7;11
50;Cuba;CUB;98,59972294;3,499737914;;;;;;;2,501741068;61,42672178;100,982154;103,6705878;94,1937822;1,344172919;0,966590003;1,010844733;;94,4143737;91,85210017;99,91512299;99,77580261;6;12
51;Curacao;CUW;;;;;;;;;;21,42856979;160,9963531;;87,21237946;1,560780048;0,960309982;1,083570004;20,87000008;;;;;6;12
52;Côte d'Ivoire;CIV;82,50640143;46,22753448;;;;43,97637192;56,02362808;41,1;25,81916337;8,059857035;82,79815578;5,054648697;46,7522672;0,592128992;0,837895624;0,736306657;39,00500011;57,62104533;34,07957649;53,25026703;44,01846695;6;12
53;Danemark;DNK;99,23680214;1,623384683;;;;;;;0,643182352;76,09593201;100,7209859;95,64416207;124,9080811;1,285139461;0,996876475;1,030590564;56,98421037;100,7662421;98,12944794;;;6,5;13
54;Djibouti;DJI;86,48973125;66,1380744;;;;;;;48,68359195;2,485567277;58,84504981;4,627606666;37,20979945;0,734839087;0,957168334;0,845270558;3,99000001;52,47750203;37,52234149;;;6;11,35
55;Dominique;DMA;96,71323455;9,26513387;;;;;;;8,582896605;;102,8784844;90,68333839;99,47702081;;0,987905302;1,07263359;;94,44876051;86,24171859;;;5;12
56;El Salvador;SLV;95,08892133;10,5763956;53,0892886;34,5372307;11,46316553;19,42668648;80,57331352;8,233909458;8,786128819;25,50246398;111,1489961;59,5749357;69,61101384;1,095791671;0,962749994;0,995961676;42,59454623;94,37509604;75,41445586;96,47375419;85,81813674;7;13
57;Espagne;ESP;99,59606833;1,587693325;;;;;;;0,462500007;75,37131267;104,403973;93,91437022;119,1108793;1,177032775;0,998464995;1,03635334;27,26999986;99,00783811;88,76535688;99,6268692;97,88192695;6;12
58;Estonie;EST;99,59039692;1,857469453;;;;;;;1,216240551;68,27916442;99,98062727;96,63609314;105,6569468;1,378383319;0,988422775;1,022149447;32,73842109;99,94357639;101,6686831;99,94889832;99,88578796;7;13
59;Eswatini;SWZ;95,36729692;5,421422822;;;;2,436312337;97,56368766;13,3;14,37750506;5,742355029;115,9848803;25,74552441;61,9863177;0,956791659;0,917347649;0,958530656;13,18000031;80,5945264;49,22188613;94,48583221;85,75883484;6;13
60;Fidji;FJI;97,94093667;5,382081526;;;;;;;0,767043847;15,95967992;108,0530357;15,96639276;87,38526459;1,163936694;0,989504286;1,084267998;32,78000021;106,1179074;95,92044661;99,74433899;99,08210754;6;12
61;Finlande;FIN;99,92264563;1,155666103;;;;;;;1,256603319;90,24638028;99,73160723;68,93901189;126,2914335;1,174827231;0,993582219;1,074374437;42,48736813;99,67238235;99,53740751;;;7;13
62;France;FRA;;2,363224973;;;;;;;1,191208331;56,84131644;102,2739109;106,8486638;104,8374854;1,198441678;0,993061109;1,006365554;29,54052614;;97,40051106;;;6;11
63;Fédération de Russie;RUS;99,95401286;1,045079994;;;;;;;1,90542831;74,9861421;101,8526306;76,95754751;92,59671275;1,222937654;1,001632497;0,982818667;32,74736836;97,0805026;86,0930481;99,71088409;99,61843363;7;10,85
64;Gabon;GAB;;;;;;2,912730157;97,08726984;24;;8,191074848;138,4179535;24,85862398;52,7084198;0,635234982;0,989879981;;11,73999977;72,22784424;;89,14390182;83,47547913;6;11,55
65;Gambie;GMB;89,24026091;36,25803518;94,65;2,71;2,63;38,11052632;61,88947368;34,38333333;29,25177834;2,222865045;84,48673248;32,70034799;50,42472585;0,559377495;1,03635105;0,955896676;24,375;66,55481291;52,87372284;63,96963882;46,36400986;7;13
66;Ghana;GHA;94,39009154;19,54037285;78,05;18,12;3,32;33,96101333;66,03898667;27,88692667;18,42052087;11,99573568;96,70742501;96,1043413;53,36406983;0,644417867;0,983125544;0,902913329;38,92599983;81,51009226;63,84141591;89,10355759;75,26835632;6;12
67;Gibraltar;GIB;;5,919319868;;;;;;;0,298090011;;103,0752474;150,7286854;98,25030136;;1,009838323;0,979096671;;95,71908061;92,11064657;;;5;11
68;Grenade;GRD;92,6039675;4,378146688;;;;;;;0,920811678;92,26450806;111,162532;96,82073313;115,3638638;1,200787997;0,963672658;1,011437152;;114,5778954;99,12255721;99,19999695;98,59999847;5;12
70;Grèce;GRC;98,634485;4,605836434;;;;;;;2,640614986;100,5643041;98,3222146;71,33654785;101,1270413;1,068566648;0,986694995;0,966111258;19,43052628;96,77033762;93,25505702;99,24959691;95,3633372;6;12
72;Guatemala;GTM;91,26960333;29,22866528;63,63436991;25,80016959;9,413859773;30,33913996;69,66086004;15,52493507;9,278040677;17,2132019;107,0050685;55,65485488;47,74848006;1,010754025;0,959716674;0,936737779;50,92199974;77,21669218;51,47565397;90,51997566;76,42279053;7;13
73;Guinée;GIN;71,697406;57,32914461;75,78;18,81;1,7;47,45;52,55;41,5;32,61044795;8,462062836;81,39273198;10,6070925;29,64366093;0,308301819;0,809066669;0,50355445;44,54000092;52,22493008;27,96320645;41,59757678;29,00520007;7;13
74;Guinée équatoriale;GNQ;96,687205;37,4245491;;;;;;;46,01479106;;80,65842857;40,69512007;23,61492348;;0,978332007;0,66377002;;42,01698208;24,89813471;97,96704102;94,3705368;7;12,7
75;Guinée-Bissau;GNB;;;;;;30,30641915;69,69358085;57,20808939;27,33176041;2,469915032;111,2014252;6,692689896;33,08842468;;0,931110024;;;65,14251709;36,79169846;60,40235138;45,5811615;6,5;12,5
76;Guyane;GUY;94,24710667;7,593806664;;;;;;;3,991696676;11,27688599;98,42760552;86,75134447;91,2408176;1,501187788;0,977577772;1,015446231;35,77999878;93,32169495;76,025774;94,89430237;85,31687164;6;12
77;Géorgie;GEO;99,27304067;1,56948726;;;;1;99;31,8;1,497497338;44,16414472;104,067998;51,7991004;97,78185415;1,146273155;1,022446316;1,031437857;25,16307699;104,9959221;100,3819767;99,72294362;99,53426615;6;11,7
78;Haïti;HTI;;;;;;12,66105573;87,33894427;35,6;;;;;;;;;23,73999977;;;78,98576609;56,37342326;6;12
79;Honduras;HND;68,34349;37,04248683;64,016;25,274;8,754;48,710672;51,289328;8,600374;14,457012;19,99013727;98,31213188;36,36828899;58,78645547;1,271617283;0,996649999;1,20633165;47,45066655;81,26416133;43,76324626;94,83171158;85,55957336;6,1;12,1
80;Hongrie;HUN;99,66693467;2,482883331;;;;;;;2,626368344;56,72898123;99,86065377;84,65214157;99,52952321;1,250331124;0,989176661;0,995133334;23,70894733;97,56786219;93,15051778;98,80000305;99,09999847;7;11
81;Inde;IND;91,2108875;14,87672043;65,07;11,94666667;18,86666667;66,925;33,1;5,925;6,838335991;18,92460954;106,6770523;61,32182312;62,69511795;0,84433706;1,037551987;0,922464741;28,70599976;90,39920743;74,76541762;83,84136963;66,86114597;6;11
82;Indonésie;IDN;88,58633;19,93356965;59,72;26,765;8,29;27,7;72,3;5,15;4,801787643;24,54253191;107,9136128;43,04896186;73,37165875;0,966582947;0,98334333;1,001225005;38,94947313;98,0154892;80,33098297;99,08828057;93,48029497;7;13
83;Iran, République islamique d’;IRN;95,71525;7,487271249;;;;;;;2,374399328;42,1387126;104,0845687;41,43512261;81,35213336;0,997007633;0,991678823;0,948506464;18,38857147;98,20686442;85,29825869;97,68251147;82,90463829;6;11,4
84;Iraq;IRQ;;35,1147836;;;;33;67;10,55;6,609170119;15,00170994;106,344457;5,352793376;45,4993372;0,576679985;0,844673336;0,686597496;23,78600006;73,30675888;48,52713966;87,50000153;80,19999847;6;12
85;Irlande;IRL;;1,064008242;;;;;;;0,097192223;64,42219247;102,3237724;102,7788969;115,7534777;1,1337;0,995495005;1,062060598;43,71684225;96,97266388;98,90663576;;;5;13
86;Islande;ISL;99,72999364;2,006354979;;;;;;;1,357842789;71,8384783;98,91119046;95,58207236;112,5094193;1,446746667;0,994576663;1,024491108;70,34263149;100,2234281;98,7234336;;;6;13
87;Israël;ISR;99,84191;0,061662499;;;;;;;0,127454999;62,02546353;105,405621;103,2020607;104,6194513;1,253900548;1,004593339;1,008213888;44,47947331;104,777311;101,0842415;;;6;12
88;Italie;ITA;99,81812563;0,539187219;;;;;;;0,859746661;62,61352009;102,2699237;99,11776691;100,7900217;1,275383883;0,987775564;0,989065558;21,12947364;101,7787836;101,5412966;99,86725871;98,80688731;6;11
89;Jamaïque;JAM;95,08247625;15,0419842;;;;6,533333333;93,46666667;5,7;11,46725798;23,01042762;92,40331607;82,77605438;86,80334248;1,535798894;0,995111108;1,053766461;24,19375038;85,4411974;91,53632296;96,30000305;88,09999847;6;12
90;Japon;JPN;99,98883667;;;;;;;;;;;;;;;;41,25999933;;;;;6;12
91;Jordanie;JOR;98,956157;19,90134438;41,39;45,51;11,48;23,91;76,09;1,115;15,1552187;36,59156736;86,34138584;28,20904126;77,25088552;1,106354666;0,99443749;1,032542014;18,75307699;84,40457317;74,9157439;99,05968802;93,97079577;6;12
92;Kazakhstan;KAZ;99,73887556;0,39178923;;;;1,6;98,4;3,6;0,415461581;51,17031514;106,5123006;43,41584516;106,8398021;1,212319992;1,00294579;1,013625459;;105,908634;102,4094106;99,87641144;99,76522319;6,95;10,95
93;Kenya;KEN;98,991875;4,413384996;;;;32,48905226;67,51094774;34,43888617;18,35480375;5,935167521;100,8604478;53,29492129;47,69575289;0,637218751;0,976419999;0,928585569;36,71500015;93,85761108;77,96670024;85,58203379;77,47501373;6;12
94;Kiribati;KIR;96,34146;;;;;;;;2,39508;;109,9808772;58,79436493;86,16828346;;1,028617675;1,166843757;18,64666684;114,589917;98,0658226;;;6;12
96;Koweït;KWT;98,675484;5,392860055;;;;;;;3,39782998;40,90829411;100,7204935;74,3688185;98,90863637;1,537639987;1,040678947;1,045130721;21,20000076;97,47239522;93,99651432;98,97540207;94,74649429;6;10,8
97;Lesotho;LSO;81,85670733;12,98843879;58;10,41;0;74,4;25,6;2,6;12,74071123;7,136958144;121,5236794;35,10014707;48,8566761;1,298134555;0,973192341;1,323354104;23;77,73941064;37,576806;84,91330719;76,21770096;6;13
98;Lettonie;LVA;98,96804133;1,079113639;;;;;;;1,293936374;73,61280568;102,3239454;86,07509401;104,7567448;1,391974443;0,983725551;0,99191166;31,28105254;100,6599062;99,08024851;99,82771301;99,89260483;7;12,4
99;Liban;LBN;95,88277353;;;;;;;;;;;;;;;;26,98500061;;;99,23665365;91,95535787;6;12
100;Libye;LBY;;;;;;;;;;57,59942627;104,4487902;8,204269886;100,4521217;1,081863364;0,984156658;1,124374986;9,079999924;;;99,59999847;86,09999847;6;12
101;Libéria;LBR;79,91211667;21,28734016;77,63;18,5;2,78;34,46275403;65,53724597;27,9;28,11183023;10,72686005;95,72092533;144,3583069;40,944163;0,576759994;0,929475002;0,785159985;47,93400002;63,18110339;40,516362;52,23640442;45,62121964;6;12
102;Liechtenstein;LIE;97,762002;5,568125804;;;;;;;1,198048564;33,6451739;105,8015025;100,0176503;110,9584895;0,497563332;0,987077324;0,843305333;50,34733353;101,2444697;94,69377019;;;7;12
103;Lituanie;LTU;99,27527875;0,21236;;;;;;;0,150028888;75,88699955;102,1440125;75,61571672;105,8562567;1,329065555;0,992135555;0,977819999;24,92263141;101,4816653;99,66821081;99,7787323;99,73067474;7;11
104;Luxembourg;LUX;;6,384781206;;;;;;;2,342708849;15,45202611;99,72688967;88,73887051;99,56448275;1,103084993;1,000578828;1,037471168;25,20736835;81,61906687;100,4965731;;;6;12
105;Macédoine du Nord;MKD;98,95686222;7,158329964;;;;2,122659799;97,8773402;15,8;5,801898789;34,77293861;92,26771736;31,12092433;81,34438934;1,219433129;0,98768625;0,970048662;16,19357123;92,21985572;89,29535206;98,67134857;96,96446609;6,35;11
106;Madagascar;MDG;73,90995867;34,0452652;90,795;5,33;1,945;63,00921;36,99079;25,817435;17,95870366;3,652857794;136,3567454;17,41099942;33,12543796;0,89862444;0,979948335;0,975883842;80,625;60,43513128;27,30246077;70,1495924;67,44844723;6;11
107;Malaisie;MYS;93,78840385;9,595647587;;;;;;;2,217385297;35,89352005;100,6912662;77,24854363;80,85896783;1,227327899;1,005924691;1,084927364;39,02999954;99,69326782;85,6598069;97,53901672;94,483881;6;12
108;Malawi;MWI;86,09645778;20,53917452;71,2;28,7;0,07;9,654270275;90,34173073;40,895662;2,332838376;0,535183334;139,3518995;83,58056641;34,65806272;0,524851433;1,011192766;0,854918331;51,6566658;68,80390848;19,54218102;73,71902466;62,86620967;6;12
109;Maldives;MDV;97,00279375;8,540950298;;;;;;;1,342106684;13,09240209;111,3652458;82,25776863;70,6833547;1,520600033;0,988367136;1,075231691;39,20333354;109,5168635;100,5069002;99,10767873;98,24765778;6;13
110;Mali;MLI;81,78247867;49,64703454;77,685;11,79;3,905;61,175;38,825;38,625;38,94480264;5,207467985;76,18908988;3,441748198;35,59912631;0,436580002;0,834045291;0,693929994;50,43428639;48,69315226;29,78589786;44,94286804;30,07293828;7;13
111;Malte;MLT;98,21909923;0,960034268;;;;;;;0,577807148;38,29705291;102,4834362;107,3559765;97,69470843;1,265934997;1,00039;0,989656473;47,05631537;100,5358959;97,63369793;98,81589508;93,39121246;5;11
113;Maroc;MAR;88,03571875;21,7855111;55,49;21,87;17,91;84,5;15,5;4,5;8,155347688;19,6229614;108,2511432;56,02027724;59,77822495;0,899493685;0,932080002;0,862277329;29,8800002;84,79439244;56,69315698;83,04254532;62,29956818;6;12
114;Maurice;MUS;85,37496;6,964276135;;;;;;;1,223074737;29,4365889;102,3871665;100,8580981;90,71549867;1,139462937;1,007741047;1,02581474;35,12105279;98,09665439;82,22358623;98,58618927;91,73878152;5;11
115;Mauritanie;MRT;56,357236;44,56586377;;;;46,45523;53,54477;17,912775;26,78899945;4,268851691;95,9016033;4,755603433;26,29918766;0,40771765;1,036400008;0,89148834;18,56000042;61,77144564;24,94266294;60,03512001;49,50068474;6;12
116;Mexique;MEX;95,26852625;6,13372525;36,122;50,808;10,638;21,65231686;78,34768314;8,301157167;0,302758338;28,65640937;108,6257998;86,60898972;89,09547212;0,97793944;0,988623881;1,062059999;42,88000027;102,3256378;85,50793053;98,47524166;93,2985301;6;12
117;Micronésie, États fédérés de;FSM;;12,75940037;;;;;;;11,06342745;;104,2206791;29,68947728;82,72108459;;0,976194288;1,073194981;33,04999924;89,75482559;79,45204926;;;6;12
118;Moldova;MDA;98,33698412;11,02930104;97,23;2,2;0,05;0;100;29;6,623471517;38,3951158;94,63427895;73,25147468;86,8954006;1,258363686;0,991581575;1,019830004;19,26368412;92,96636521;85,21735221;99,55640539;98,92868932;7;11
120;Mongolie;MNG;98,870812;10,73004764;88,145;9,285;1,16;8,66115624;91,33884376;13,29976685;3,253656639;52,39956135;106,6246779;64,77430142;85,9489212;1,347259992;0,987593896;1,128501236;27,85785743;96,74017249;89,11314461;98,54512405;98,34006119;6,6;11,4
121;Monténégro;MNE;98,76595667;4,714854002;;;;;;;2,188928335;37,20758506;106,5634318;43,65923321;93,67163595;1,274095714;1,005151339;1,031206648;19,40083337;91,77701133;92,53856223;99,24403127;98,35428365;6,5;11
122;Mozambique;MOZ;62,30238077;40,58234188;;;;18,24828106;81,75171894;27,4;15,96713066;4,036113908;105,1724154;;22,07905547;0,620613335;0,876632777;0,780197334;57,91999817;45,94171569;17,78933338;67,62002182;53,8592701;6;13
123;Myanmar;MMR;72,008942;41,55977774;;;;;;;8,829910012;13,61637402;101,1470468;6,884667516;49,07031849;1,245960027;0,980858468;0,998635379;50,03750038;83,20551453;44,83186311;84,75115967;75,55120087;5;10
124;Namibie;NAM;92,95515167;10,91281578;;;;;;;6,352850633;12,68918514;116,6374975;32,45233563;63,76673072;1,180578011;0,971639995;1,110184278;19,73999977;89,12041346;63,31222963;92,2760334;85,30818558;7;14
125;Nauru;NRU;;7,819304883;;;;;;;7,345650196;;109,305488;78,91690584;63,96885872;;0,941289177;1,029475818;38,40000153;110,5010999;57,29370594;;;6;12
126;Nicaragua;NIC;;23,14477444;61,14129361;30,77773772;7,59708694;24,59719857;75,40280886;25,27011217;3,403653786;17,42374039;118,3897222;44,29368125;67,01238537;1,100020051;0,994507783;1,164829999;56,04999924;77,36701457;57,11553001;88,2678477;79,09822083;6,25;12,25
127;Niger;NER;64,219485;78,50899506;14,43;81,04;3,34;57,73333333;42,26666667;50,23333333;48,92962668;2,060485979;58,31925901;4,383134716;13,32004575;0,411835998;0,782533328;0,664237054;43,2099998;39,76267695;10,6260832;34,89642477;27,16471267;7;13
128;Nigéria;NGA;60,36624;;85,18;10,19;3,3;29,41604333;70,58395667;32,32064;32,33571815;9,976506042;93,17750804;38,63716234;39,6743468;0,706678009;0,893994673;0,851396664;25;78,95146942;36,99955622;72,2751236;59,51629925;6;12
129;Norvège;NOR;99,78410938;0,77360833;;;;;;;0,413194445;76,5329823;99,66059282;92,42656284;113,7058525;1,34715165;1,001411666;0,988609996;52,56263171;100,0729345;99,34813478;;;6;13
131;Nouvelle-Zélande;NZL;;2,094538371;;;;;;;1,309522003;80,43235143;99,29465273;92,04285431;117,0345815;1,305373351;1,000477231;1,059150584;53,90894739;;;;;5;11
132;Népal;NPL;86,89194889;5,133520047;88,97;3,09;1,39;11,12273178;88,87726822;41,71374646;5,7698089;10,84780616;133,2241978;61,51147792;57,35964899;0,689994662;0,995511115;0,925415884;48,3900013;93,16618129;72,58660214;82,40152486;58,71488444;5,1;10,1
133;Oman;OMN;99,17029111;6,185859958;;;;;;;4,491983071;28,02419806;100,5914904;52,05237929;96,33231354;1,296166662;1,01710999;0,964866877;30,55500031;97,55338933;96,02961379;98,36084461;90,75884724;6;11,7
134;Ouganda;UGA;55,81236929;;95,385;3,065;1,225;7,175691887;92,82430861;37,435165;5,687445045;3,91194543;120,2586403;12,17788008;22,00545979;0,68025181;0,998511884;0,789520025;43,68000031;58,72361272;24,02915484;85,06416626;71,89064941;6;13
135;Ouzbékistan;UZB;99,51704176;5,09653693;;;;1;99;5,1;3,229496135;10,37984256;97,8255041;26,34496729;92,1424031;0,692459477;0,990307366;0,987059996;;97,18277178;94,44220212;99,99997253;99,98774109;7;11
136;Pakistan;PAK;78,12777;;75,71;14,5;7,255;88,17319839;11,82680161;14,45;;7,174493297;82,49754333;64,45081284;34,4192957;0,88403;0,815563682;0,787072143;39,64100037;63,13453557;41,7203707;70,53605929;55,01476635;5;10
137;Palaos;PLW;98,406375;;;;;;;;3,996940017;43,62385686;114,4919336;78,54262238;99,54404776;1,453543305;0,918813348;1,072190007;27,71999931;105,6480433;99,86008835;99,25140762;98,04843521;6;11,5
138;Panama;PAN;94,71372556;13,73264063;70,5475;24,8275;3,48;20,100046;79,899954;5,9040834;4,216143276;43,59463043;103,8856569;58,34676608;71,46856079;1,373449326;0,969974118;1,066970007;39,32299957;95,08778327;64,98220634;98,36880875;94,75296402;6;12
139;Papouasie-Nouvelle-Guinée;PNG;;14,35743999;;;;;;;7,330830097;;67,19897588;65,66247559;43,08305359;;0,867193341;0,739879996;35,91999817;61,50545578;61,08811569;67,90000153;61,59999847;6,9;13
140;Paraguay;PRY;91,292569;13,4806416;58,46;33,7;7,375;15,4442055;84,555795;12,860525;6,292644163;28,19001007;108,2433694;36,8201693;67,31430372;1,266499996;0,973599166;1,045830826;51,49894694;92,48231951;73,5511974;98,37153625;94,25475173;6;12
141;Pays-Bas;NLD;;1,187141998;;;;;;;0,676094994;66,94456649;106,5439768;92,41957188;124,7194004;1,094345003;0,988593746;0,989251882;63,20736855;;;;;6;12
142;Philippines;PHL;97,35157727;8,287608403;59,375;35,395;4,21;14,34972972;85,65026865;11,128205;7,448965771;30,51164804;107,4310428;54,14182583;83,10646657;1,197886433;0,982578571;1,101606429;37,49388928;97,09924889;75,88374964;97,49974251;95,64783478;6;12
143;Pologne;POL;99,64417429;4,889953891;;;;;;;4,660901234;66,99701055;96,99035358;64,88016677;102,1631847;1,322739455;0,994759995;0,981174439;25,66842099;96,60284199;95,757444;99,79682922;98,74273682;7;13
145;Porto Rico;PRI;98,02233;13,76808875;;;;;;;15,27255762;90,76916088;90,06326124;90,52340031;86,11000485;1,328974561;1,018688891;1,069277777;17,93333371;74,3670578;85,56973267;95,61200714;92,17761612;6;12
146;Portugal;PRT;;0,480234447;48,48;33,34;11,16;3,604683116;96,39530965;3,636554156;0,49493917;60,8732516;113,1807751;85,62744437;108,7667338;1,177117778;0,961557779;1,032981654;30,46473704;99,57019043;94,89417267;99,33279928;93,68479665;6;12
147;Pérou;PER;96,19364688;3,913088478;62,61;31,09;4,96;21,02000328;78,97999672;27,89399806;0,780144289;41,60311532;109,3332973;78,11016464;92,50624566;1,053543761;0,995336322;0,98441842;61,73055543;98,3254527;86,6109498;98,26426926;91,83122406;6;12
148;Qatar;QAT;99,33784;6,601963537;;;;;;;2,744730579;14,57602109;103,6486045;48,62970072;97,14454433;1,805377897;1,000197357;0,991318558;68,71222093;96,69030489;94,49872589;94,14144135;90,98517054;6;12
149;Roumanie;ROU;99,55872636;6,36391355;;;;;;;4,893844351;49,70405865;98,73470211;79,41696379;89,82873069;1,221900006;0,985336874;1,004072232;25,10210519;95,19353867;89,03523042;98,72879028;98,24879201;6,6;11
150;Royaume-Uni;GBR;99,98111;1,502005297;;;;;;;0,724613336;58,97953542;103,3334948;84,32047272;107,0727804;1,252788345;0,999234441;1,021878825;50,84526323;100,9033432;101,1445999;;;5;11
151;Rwanda;RWA;74,51886857;13,97946684;75,88666667;18,99666667;1,396666667;17,05496176;82,94503824;9,37520875;7,845528364;5,243561588;137,0942102;16,71408241;28,5857829;0,726078673;1,011345794;1,001845793;38,71250057;62,09213816;36,97836849;82,80859566;69,55075645;7;13
152;Région administrative spéciale de Macao, Chine;MAC;98,46829125;12,58348007;;;;;;;10,1454784;64,2051765;99,08428875;89,53785505;90,83371935;0,95405737;0,969315253;0,978905781;41,93071393;95,04002581;86,98796804;99,68735313;94,24341202;6;12
153;République arabe syrienne;SYR;92,75828167;18,02167008;;;;34,6;65,4;6,6;3,635627237;25,97424246;115,1747706;9,265926985;65,73244711;0,945634003;0,962749229;0,970617693;24,88000011;102,1977316;60,27556053;93,82131958;81,86638641;6;10,9
154;République centrafricaine;CAF;71,47011;56,54204686;;;;24,81334438;75,18665562;37,2;40,39248848;2,362079978;77,3128665;3,416088745;14,97688157;0,355438;0,71607692;0,583210001;;34,65506978;10,08194232;37,31245995;37,07421494;6;12
155;République dominicaine;DOM;94,224935;5,961018719;23,99666667;59,05;10,83333333;7,666144276;92,33385572;7,847893091;7,454706086;49,70137978;110,0782064;41,5427901;77,69504976;1,408439994;0,931239992;1,133062489;36,22105307;93,49509939;79,56343126;96,94339328;90,38142141;6;12
156;République démocratique populaire lao;LAO;84,27516529;25,34864355;95,07;2,44;2,12;56,12283906;43,87716094;13,6;11,6758099;12,95050307;113,1207954;22,76146989;50,68449683;0,801737368;0,910997375;0,829272104;42,67500019;85,06880308;50,43407902;81,72698021;71,09640884;6;11
157;République kirghize;KGZ;99,32387941;7,213139892;98,5252272;1,279714737;0,19505806;2,997286099;97,0027139;27,62685137;2,607627364;43,43641663;101,4088095;21,92250688;89,3482471;1,203500541;0,989407373;1,006455001;37,06777742;98,68316931;90,08855519;99,75092316;99,41471481;7;11
158;République slovaque;SVK;99,41588733;4,12916119;;;;;;;5,220348318;46,89601209;100,1906768;91,74541389;91,2195905;1,292472217;0,991429998;1,010677232;24,57263153;95,67624876;82,89714101;;;6;10
159;République tchèque;CZE;99,66763563;1,207601006;;;;;;;0,402576675;55,49682607;101,0524178;105,7140198;98,2423651;1,219235003;0,995471653;1,013184435;28,03473693;99,52980169;93,99757744;99,78588104;99,8330307;6;11
160;Saint-Kitts-et-Nevis;KNA;96,77232286;4,838319923;;;;;;;1,751255457;63,91531181;109,6990128;115,7314377;103,6388967;1,353676677;0,999673998;1,074263326;;106,7160365;112,0864207;;;5;12
161;Saint-Marin;SMR;98,5182175;2,006075054;;;;;;;5,536185026;52,76501211;108,2296391;115,8360748;85,56932831;1,130881667;1,049124292;1,002981416;28,11000061;109,8111219;99,81952572;100;99,91642761;6;11
163;Saint-Vincent-et-les Grenadines;VCT;95,60865667;4,611503456;;;;;;;0,84430714;24,01060009;112,0487222;94,81073666;101,2421372;1,475310028;0,96376411;1,063605295;32,28499889;99,91997655;91,91710822;;;5;12
164;Sainte-Lucie;LCA;88,65278154;15,59753471;;;;;;;3,163739959;14,48870862;102,8698146;73,45482937;85,75205833;1,560379378;0,966732497;1,062574205;35,57142966;100,9955414;85,86533535;;;5;12
165;Samoa;WSM;97,72486385;8,453519791;;;;;;;1,120628192;14,16340494;107,9660761;40,760138;86,47780664;1,526109993;1,002450585;1,130624984;22,52400017;104,7994901;103,386918;99,17956924;99,03451538;5;11
167;Sao Tomé-et-Principe;STP;82,328815;16,13416319;;;;;;;7,434751699;7,930175972;114,8826248;37,84415398;58,31788554;0,933720005;0,970592662;1,10143286;;77,83615318;47,84699093;92,53489304;84,35116005;6,25;12,25
168;Serbie;SRB;99,55551833;1,278661687;;;;1,47264875;98,52735;12,41895;1,893984025;51,68304785;100,7045099;56,45474424;92,09786787;1,235823173;0,999035788;1,023301043;17,78928566;99,76777649;96,92977553;99,4617691;97,73371887;7;11
169;Seychelles;SYC;98,09576857;2,256639997;;;;;;;2,036746641;11,35399429;105,7066301;98,73067595;77,20334424;1,581040012;1,022443166;1,079564731;47,63571439;107,4803242;106,5348816;99,03536987;93,88613129;6;12
170;Sierra Leone;SLE;87,350166;42,52392006;83,78;13,41;0,78;33,78;66,22;46,08;1,612369943;1,987585068;115,19438;10,47327656;38,42145157;0,412894994;0,972526689;0,85395429;26,05999947;70,28684574;48,22817718;57,19944509;36,81976318;6;12
171;Singapour;SGP;94,29544333;0,230076658;;;;;;;0,081846666;85,87344615;100,554011;;107,0926361;1,135283351;0,998883327;0,991066655;34,17857143;99,65644582;103,8816172;99,87828827;96,67777761;6;12
172;Sint Maarten (Dutch part);SXM;;11,71942043;;;;;;;;6,117533525;124,252758;161,9977913;96,42665863;1,659880002;1,013475001;0,991394967;;107,54599;41,56521988;;;6;12
173;Slovénie;SVN;99,71334;1,880104452;;;;;;;0,865355;79,44264306;100,8963504;85,41234801;104,7147713;1,311355001;0,999154442;1,004105008;32,20368456;98,02082716;97,37812478;99,80000305;99,69999695;6,15;11,7
174;Somalie;SOM;;;;;;53,5;46,5;43,5;;;23,36354065;;5,932350159;;0,553160012;0,460770011;;;;;;6;12
175;Soudan;SDN;94,06328333;55,23482895;67,53;23,66;0,61;49,5004993;50,4995007;21,527516;42,26805551;13,79417006;68,74714683;32,1069143;40,15486841;1,110481334;0,883527062;0,924067055;23,91499996;59,39711271;52,01566315;69,40267563;57,10728073;6;12
176;Soudan du Sud;SSD;;51,17891121;60,18;38,2;0,34;76,04849395;23,95150605;45,6;58,93109512;;81,52029419;8,678955078;10,34930468;;0,684944987;0,524255008;52,56999969;27,43708992;18,0030098;42,30161858;30,67701912;6;12
177;Sri Lanka;LKA;98,94016636;4,62545836;66,49;17,35;15,28;3,170974116;96,82902588;10,7;2,72972833;18,51419506;100,4516924;66,12321726;98,68022047;1,356232011;0,987443341;1,037097148;26,68666691;100,2553287;94,96283976;97,93425751;91,31762368;5;10
178;Suisse;CHE;99,82995125;0,616034997;;;;;;;0,332212857;51,22569211;103,6148211;99,88873291;97,24215249;0,942504449;0,996954991;0,955403528;62,49000007;96,53956434;95,90095403;;;7;13
179;Suriname;SUR;66,8127825;19,22063296;;;;;;;12,50913194;12,56145954;110,3664012;83,05510038;72,47383772;1,398390055;0,999877064;1,33048694;26,61875033;83,81901042;41,62999872;97,79753265;93,22933655;6;12
180;Suède;SWE;99,84654286;2,792457996;;;;;;;1,107239459;71,90663995;108,7563235;92,10316086;121,518976;1,353715552;1,014358332;1,071503341;42,16684181;100,920049;100,9124474;;;7;13
181;Sénégal;SEN;76,0301475;57,39470037;82,33;8,305;3,925;55,6811271;44,3188729;18,91295697;28,70947783;9,1069251;81,50370789;10,37886187;34,54422951;0,585302855;1,030128747;0,847828344;34,44500001;54,50176358;27,95091742;59,255078;46,075442;6,15;12,15
182;Tadjikistan;TJK;98,72441733;8,675465918;;;;9;91;8,9;1,658681196;22,73685175;99,54395563;9,205453536;82,29250512;0,536790597;0,970582345;0,858114619;23,09500027;98,10234547;87,90024233;99,90000153;99,80000305;7;11
183;Tanzanie;TZA;42,73529;71,75247192;86,23750434;13,34682942;0,377882492;30,95945443;69,04054307;33,89674983;15,15233056;2,141146356;96,26677061;34,91372001;29,29601397;0,50805;1,009239997;0,989871417;68,08799896;71,93831488;20,27814608;81,16292763;73,30485535;7;14
184;Tchad;TCD;80,615831;64,50932837;;;;47,55539458;52,42793875;49,79854008;32,41804199;1,931996024;81,87903836;1,191606253;19,58288323;0,172072999;0,719393683;0,419705788;37,91999817;33,45704753;14,25198225;37,07904943;25,56532351;6;12
185;Thaïlande;THA;98,49383;4,069694996;;;;4,2;95,8;15,1;1,588887513;46,75089086;99,65686671;73,74938202;90,32117568;1,179069344;0,986721665;1,034243888;42,51545438;92,04129219;79,53500366;97,84923096;94,05510406;6;12
186;Timor-Leste;TLS;91,805353;17,92580994;94,695;4,61;0;31,7;68,32;13,75;7,451559206;14,38306713;119,8621741;18,08816661;63,66006694;0,843546669;0,95084714;1,026053561;19,1733338;91,30607224;74,29677925;81,53385544;53,64395237;6;12
187;Togo;TGO;82,01576583;32,81405099;77,535;19,7;2,03;18,71798294;81,28201706;40,90518674;7,55477706;10,64183319;121,5102515;10,17285005;46,309881;0,434154289;0,893597364;0,533897515;49,37799988;78,20658064;38,54469243;80,59123802;59,53432751;6;12
188;Tonga;TON;93,92426;7,0494138;;;;;;;1,256801426;5,365153313;111,6170731;36,3432374;103,2900113;1,401319981;0,972944001;1,035637498;22,23999977;107,3213058;94,15519206;99,43430074;99,27278646;5,45;11,45
189;Trinité-et-Tobago;TTO;96,197878;11,73351955;;;;2,6;97,4;3,4;2,362272176;8,966627479;102,5511687;80,48157883;85,51222992;1,314460009;0,97124556;1,071280003;41,46624994;92,86376762;84,86645031;99,59999847;98,69999695;5;12
190;Tunisie;TUN;95,10461909;;;;;15,4;84,6;3,4;1,5095423;32,02417394;111,2635214;34,97317505;86,59545593;1,325078412;0,991469446;1,087258995;21,0575002;97,01673944;72,4704361;96,429633;78,17738342;6;12
191;Turkménistan;TKM;;8,21819973;;;;;;;;11,09727001;117,9140472;;89,67060852;0,731454998;0,982060015;0,981660008;;;80,09899902;99,80000305;99,69999695;6,65;10
192;Turquie;TUR;97,94102091;5,159689989;57,06;27,12;14,29;38,8;61,2;2,6;4,033763866;113,2170715;102,0500471;21,03912314;92,05210707;0,800473336;0,97107222;0,881171111;32,03421041;96,64510874;93,25458908;98,11352891;92,57604276;6;10,6
193;Tuvalu;TUV;87,4891;21,77523022;;;;;;;10,09045744;;102,7476522;94,42907969;66,65452321;;0,985296369;1,165741672;32,15999985;99,88024063;78,69611359;;;6;12
194;Ukraine;UKR;98,85406929;4,106933851;;;;0,7;99,3;11,15;9,024893834;73,56026513;102,6231853;84,80438526;97,87716893;1,174785001;1,004150714;0,981576426;28,91750002;100,9408048;99,37209075;99,88731003;99,70238113;6,1;10
195;Uruguay;URY;82,7654;6,133053445;28,53;58,58;8,47;10,65785834;89,34214166;7,3;0,447165714;51,04186194;111,8168725;85,4778968;105,5509135;1,462850034;0,975031114;1,127060826;38,97210553;100,8644736;71,13344803;98,88957977;98,31489035;6;12
196;Vanuatu;VUT;89,43801;11,6342701;;;;;;;2,106090034;4,496999979;117,3893007;97,5846778;45,34966532;0,583430012;0,983844995;0,931031644;48,76333364;88,77088819;41,92653999;94,46070862;83,53543599;6;12
197;Venezuela;VEN;98,66237188;10,63616178;30,00334834;59,36452505;8,208973399;23,31545414;76,68454586;5,877734;5,061512344;56,00467072;102,8845632;66,00949568;80,95985413;1,18572998;0,978574111;1,110756474;36,15909056;93,64023366;71,99817478;98,24295298;95,35816447;6;12
198;Viet Nam;VNM;95,58215714;13,14623976;77,14;16,18;5,9;15,6;84,4;15,06666667;2,554734051;20,95929605;105,4763416;72,43151052;;0,945206438;0,980661657;;52,93571445;102,8103695;84,61572266;97,74988174;94,26041412;6;11
199;Yémen, Rép. du;YEM;88,78498;33,88680792;70,41;27,34;1,08;33,43505719;66,56494281;17,2;21,62514559;10,47093992;89,16690549;1,11823221;47,0218441;0,390291105;0,761749094;0,569165999;19,77499962;63,83043633;48,32529704;77;54,09999847;6;12
200;Zambie;ZMB;67,71424556;;93,905;5,21;0,61;22,24911054;77,75088946;41,131345;14,45495165;4,142450094;103,4260721;6,974566778;;0,553080007;0,979083758;;30,56000018;82,20451126;49,92135464;78,48614502;75,00798607;7;14
201;Zimbabwe;ZWE;77,89565;10,81303606;;;;;;;5,628605843;7,43937788;108,464595;55,51080704;46,79606628;0,749875987;0,977697992;0,904926002;56,67999792;93,00402527;70,5364418;90,67941284;86,13806534;6;13
202;Égypte, République arabe d’;EGY;94,88978;8,304821491;53,17;30,36;9,55;38;62;5,4;4,555783743;30,54040662;100,7045387;21,94027731;80,92852402;0,88982235;0,97375529;0,976272308;23,02363638;94,01522173;80,84179382;87,78987249;70,53766251;6;11,8
203;Émirats arabes unis;ARE;98,64795909;1,415929943;;;;;;;3,223172851;;104,5551725;79,27428961;100,1456108;;1,003125702;0,938769996;48,40999985;92,43703243;79,6374453;97,21822357;91,63049698;6;11,1
204;Équateur;ECU;89,64262813;13,49470948;72,3925;20,7525;5,8275;21,14957438;78,82051174;8,272401;1,38857589;40,95159435;109,9576997;65,83344905;83,68716206;1,172509988;1,005638901;1,03152294;43,17666626;102,5629546;78,46559884;98,61691475;92,6982708;6;12
205;Érythrée;ERI;93,41331357;35,54856962;;;;;;;31,26999973;2,836364999;90,68372076;20,83073605;46,69974047;0,377687493;0,848086469;0,739492942;;68,1578002;46,24849987;86,06419627;64,58248011;6,6;11,6
206;États-Unis;USA;99,2321;0,779776016;;;;;;;1,659009996;85,47876655;101,0523593;71,48139725;96,09023751;1,276468906;0,997808341;1,005273342;50,39049988;99,46244812;104,1182137;;;6;12
207;Éthiopie;ETH;94,06505444;47,44149617;94,61;3,72;1,48;52,2610509;47,7389491;41,05;32,53181505;4,684812763;84,09526934;7,259989985;28,77571399;0,380139998;0,854022861;0,727236922;72,52500153;45,62804726;27,02977289;55,56094265;39,12187481;7;13
210;Îles Caïmans;CYM;95,39277429;14,11947268;;;;;;;11,76404654;23,36409473;91,98568726;56,42441389;81,32335802;1,575256666;0,97961273;1,001615459;45,92555576;93,00824807;86,43013417;98,9068222;98,86782074;5;11
211;Îles Féroé;FRO;;;;;;;;;;;;;;;;;;;;;;;
212;Îles Marshall;MHL;91,2266325;25,00364494;;;;;;;16,31493762;21,90835381;102,4262721;46,2604723;67,91425878;1,121163328;1,000704989;1,05447637;;94,86150208;98,56620483;98,45877838;98,26508331;6;12
213;Îles Salomon;SLB;89,62317;23,31140995;;;;;;;9,850561553;;109,7088107;89,758601;37,73925304;;0,973777693;0,850966252;69,83999634;86,55085161;63,0308136;;76,59999847;6;12
214;Îles Turques-et-Caïques;TCA;89,40619333;24,41730309;;;;;;;22,45209007;3,92487672;85,98194716;103,3164885;76,18488203;1,171020031;1,014702221;1,028742858;;89,29615927;78,55394491;;;6;12
216;Îles Vierges britanniques;VGB;96,552095;12,72809744;;;;;;;3,434494199;48,84149551;110,9349451;102,4179447;101,0960429;1,4567257;0,964527503;1,068643531;;95,24238536;83,31407547;;;5;12
