;Pays;Code ISO;Capacité (+)/besoin (-) de financement (% du PIB);Chômage (% de la population active) (estimation nationale);Croissance du PIB (% annuel);Croissance du PIB par habitant (% annuel);Croissance du RNB (% annuel);Croissance du RNB par habitant (% annuel);Créances sur le gouvernement central (% du PIB);Dépenses (% du PIB);Dépenses publiques en éducation (% du PIB);Dépenses publiques en éducation, total (% des dépenses du gouvernement);Indice GINI;Inflation, déflateur du PIB (% annuel);Masse monétaire (% du PIB);PIB ($ US courants);PIB par habitant ($ US courants);Part des revenus détenus par les 20% moins élevés;Part des revenus détenus par les 20% plus élevés;Population active avec un niveau d’études de base (% de la population active totale);Population âgée de 0 à 14 ans (% du total);RNB ($ US courants);Taux d emploi, 15 ans et plus (%) (estimation nationale);Taux d’activité des 15-24 ans (%) (estimation nationale);Total de dette extérieure (% du RNB);Total des réserves (% de la dette extérieure totale);Valeur actuelle de la dette extérieure (% du RNB);Épargne brute (% du PIB);Épargne brute (% du RNB);Épargne intérieure brute (% du PIB)
0;Afghanistan;AFG;-0,461141911330864;5,81750005483628;6,6647753298789;3,45264024826434;;;-6,8685957432169;41,6153358947745;3,52979621291161;14,5529500246048;65,5;6,34387178443412;32,9364073566878;13801241389,6039;438,081703622797;;;49,7450008392334;46,7305356997211;18433312305,9672;49,3724994659424;45,3399991989136;0,198377448949619;258,877744435783;2,47910867930293;;;
1;Afrique du Sud;ZAF;-3,15651833418398;27,014737079018;2,55866916736513;1,14418116787896;2,51449143994706;1,10064848124598;22,1921520785681;31,4699268137264;5,45212936401367;18,9397444407145;63,55;6,55305282783136;70,8276591897038;296919183960,109;5688,27149623106;2,525;69,2;43,265555911594;30,2109183833681;289164015557,561;38,0915790357088;27,254736950523;3,42222062572761;36,3393575026559;5,57076492109845;16,3717875084402;16,8070394393987;19,7198998660443
2;Albanie;ALB;-3,2364715838289;14,5826316130789;4,11702300729396;4,55511255900912;2,66835216805464;2,95473724438678;31,5487955416527;23,6647984296836;3,38566179709001;11,3311901092529;31,9625;2,38527594850672;77,5158188875494;10708064290,6832;3666,79208930551;8,0125;40,0875;45,8084615560678;22,7203878701759;10786903078,057;47,9635712759835;34,6664281572614;3,41591153809154;51,8687979727535;8,25880876298665;21,3117083219804;21,0149514722628;9,39153586084567
3;Algérie;DZA;;14,3111763561473;3,25263157894734;1,49344987767732;3,32347331189716;1,56344461094005;-9,84023697875274;;4,33701992034912;11,4283504486084;27,6;5,66805568565513;69,0263038127361;145526913407,84;3919,95520491214;9,4;37,2;;29,1462305563732;142505181403,615;34,8862500190735;25,4014290400914;2,77505062792875;1846,81419495117;0,28307253385908;47,2901341588784;48,2250999047986;45,9643917968833
4;Allemagne;DEU;-0,60678719468806;6,81526308310659;1,26669337626563;1,21043007956627;1,49050867380691;1,4469563841412;3,22173029266911;29,304014664239;4,76769999663035;10,5733150641123;30,8785714285714;1,36279978307646;;3280057586326,77;40030,9462414943;8,3;39,3642857142857;38,0547370910645;13,9427737162301;3335234922491,78;55,4499997590717;50,4026312577097;;;;26,2471018131252;25,8422918784024;26,1422492434858
5;Andorre;AND;;;1,64844902839393;0,731948785736292;;;;;2,68075937777758;19,2489047050476;;1,62033192099655;;3088477337,61121;38928,6142400065;;;;;;;52,3399988810221;;;;;;
6;Angola;AGO;1,19250571346653;10,7579999446869;5,5899562220355;1,96408953047603;6,94970083621579;3,26424090462178;-0,195312964798047;22,8060745043009;2,60763001441956;8,04396994908651;47;35,3668843672227;28,218582862262;79722364199,8995;3172,73888658394;4,6;52,05;60,2575006484985;47,0268818746707;73051430723,5677;59,5160018920898;46,114001083374;8,72811669955035;48,8063635549648;12,4626191727744;31,0952663111868;34,4333860459563;41,0015631642031
7;Antigua-et-Barbuda;ATG;;8,42000007629395;2,42780618055243;1,1203581695802;;;12,1560515028526;;2,95576000213623;9,31484007835387;82;1,46736360048738;92,8929392369839;1205726900,5848;13659,4889754201;;;;24,6552662583986;1151886374,21535;65,7600021362305;51,0099983215332;;;;14,7114074410556;15,4317491068814;18,8389255319576
8;Arabie saoudite;SAU;-1,8298813643754;5,61444446775648;3,37742528055359;0,655382911317887;3,41099345288039;0,68745730387559;-23,6473930891252;27,7712891232972;6,4568886756897;20,5696740831648;;4,87751567975654;55,8823027969137;522326906012,772;18179,4456930124;;;48,170000076294;30,0399865045707;530391369298,277;49,5414287022182;17,6476923135611;;;;39,2747138111759;38,7386547979903;43,4117066025441
9;Argentine;ARG;-3,88412218987768;10,3664706174065;2,12737189364029;1,0708452438019;2,10114485795416;1,04495935763179;20,2424805037982;21,8577575392086;4,81982242359835;14,9435352998621;45,5;23,756396230749;27,1111351995737;389953902226,483;9337,91029568822;4,14117647058824;50,0411764705882;51,3792310861441;26,2292644621325;377392966439,189;53,9717642840217;41,8664278302874;5,47081724215494;23,0491421579989;12,5503705682182;16,9091619165603;17,5847180453736;20,5433467043779
10;Arménie;ARM;-2,49114032016208;17,7307693041288;6,61052631560568;6,83029423033434;6,57313380154766;6,79400514738164;0,988035252604468;21,5642382037397;2,76652239350712;12,1180967184214;32,1555555555555;3,62155609378884;28,2282918977049;8588950022,1597;2934,3888223967;8,47777777777778;40,95;34,814615543072;20,8635121746983;8926641414,78391;48,1923073988694;35,194545399059;8,21272995544607;28,9331333723766;10,4204531621857;16,8685798929231;16,1962182292698;5,41480952716215
11;Aruba;ABW;;8,02750003337859;0,575666358655223;-0,297778412790442;;;0,087223123087875;;5,57144856452942;20,4621729169573;70,3;2,43715337053098;65,7515724574656;2506441012,15905;24748,5205599823;;;;20,315781730476;2347804784,75189;59,2166659037272;44,7299995422363;;;;9,61998306281304;10,0338971510379;19,5935335537648
12;Australie;AUS;-0,834435414307722;5,49649999141693;2,86063860596656;1,35247903328577;2,8277007941024;1,31924909734006;0,490666720579739;25,9873245108521;5,04964234278752;13,5529053027813;34,1;2,94221924854498;96,7375621537452;1051481669933,95;46484,8633390505;7,4;41,6;62,6960006713867;19,4082271226594;1018424493938,77;61,2519998550415;68,6899997711182;;;;22,2104088937453;22,9401756064827;25,4471198928419
13;Autriche;AUT;-1,80076874905855;5,07368421554565;1,5392724562733;0,992472881213719;1,61808647815326;1,071132147905;8,55174007031347;45,7747568775071;5,43798356897691;10,6151259366204;30,2666666666667;1,77086703824458;;370723375049,117;43856,9500761862;8,09333333333333;38,4533333333333;37,1126315468236;15,0605747542711;370481034610,797;57,0021049097965;57,5121054398386;;;;26,5426302907432;26,5410379574583;27,418101921792
14;Azerbaïdjan;AZE;7,2189434586122;6,35526313279804;8,55638669238348;7,31144431248185;12,4493877025697;11,1035673915633;-3,94906664831385;22,7742701143059;2,79332167572445;9,97866394784715;28,36;8,05326066647853;25,2612041019247;39644105973,2203;4272,66672883633;10;38,84;;24,6171835986818;37003641620,2229;63,0055558946398;35,8300003051758;2,79138165638424;80,2329731216678;7,79881143859688;34,7717929223862;37,7402654542922;40,7144450362656
15;Bahamas;BHS;-2,56292763036798;11,0605883317835;0,971335507957419;-0,438898621966269;0,878916468999807;-0,530744110610375;12,8508052267078;14,4430816598745;;;82,8;1,8223008406496;53,4043745583674;10607985789,4737;30190,8653978477;;;;26,1199991424823;10353360768,4211;66,7214284624372;;;;;25,5967012030815;26,1830070354484;27,0985508085405
16;Bahreïn;BHR;2,99943789444542;3,27166666587194;4,37778811526795;-0,471282936248673;4,40497806363017;-0,443029246128668;0,699183559726797;21,9620210515399;2,56646749377251;9,02119493484497;74,7;3,6499648069953;71,488980334038;24936821108,6226;20513,5550434793;;;;22,5122605802836;23559729395,2967;63,2454546148127;40,8040000915527;;;;30,8348660221829;32,4657888003585;43,9513556483363
17;Bangladesh;BGD;-0,772741199563711;4,21124997735024;6,20073091886605;4,84426854954554;6,27360076758862;4,91573192819869;14,8398641990443;8,86291864138245;1,97402537786044;15,4732708564171;32,5666666666667;6,00205043353993;55,5234980237576;136417354843,6;897,311115479704;8,76666666666667;41,8;61,2699996948242;31,8704911550483;144514959544,749;55,6550000508626;44,7699998219808;1,05783006883488;40,6069166439753;2,43180227323073;35,4887952187162;33,4654682829419;21,7074460270175
18;Barbade;BRB;-5,75542749087107;9,720526243511;0,498529949282941;0,20500723757116;;;21,0427219670756;31,582198133599;5,50444211278643;17,5018956320626;77,8;2,39342883926546;108,197387509077;4356105263,1579;15472,0080219811;;;57,2840003967285;19,453348543368;4167760068,42105;60,1936842265882;47,6827274669301;;;;6,07017171361578;6,33674618931765;10,375008422783
19;Belgique;BEL;-1,79194684781704;7,46315785458213;1,5895258512179;0,984517790894484;1,51729204007056;0,913030747122265;19,3474446707566;42,4159232372726;6,40058698654175;12,0140249252319;28,3133333333333;1,7044297319539;;448079943565,227;40949,3565261168;8,60666666666666;37,1066666666667;30,9105262756348;17,0691359381043;454933259284,637;49,1426319323088;32,0373681720935;;;;25,7535144527901;25,3658075502085;25,7366186555848
20;Belize;BLZ;-3,457667558852;8,53363639658147;2,83996135675659;0,396126433099554;2,76508250258196;0,323436541515548;7,63918861196685;24,2423516765564;6,44484420617422;20,1600532531738;80,3;1,5424240522105;71,948089248192;1408953347,36842;4311,52972813905;;;58,0383338928222;35,4265181304604;1288996213,1579;58,6166667938232;47,7616666158041;14,7779726293419;18,8219222943723;19,4804308817564;9,66000761859225;10,5817148626591;13,1072898528006
21;Bermudes;BMU;;7,00199975967407;0,145911136123575;-0,032731153009363;;;;;1,95902003347874;10,7186537981033;;4,11523358213512;;6069180736,84211;94132,4241079892;;;;;6979352785,418;69,939998626709;;;;;39,4124797167108;38,0805065566403;38,4846417174675
22;Bhoutan;BTN;-1,67014079817601;2,81769230732551;7,27647640595738;5,84252319391723;6,74608782966792;5,31866339385945;0,684490796716922;20,2816458764431;6,06022310256958;18,4183747951801;38,8;4,92322227818255;64,0392009113345;1470049932,74933;2085,22089492255;6,65;45,875;60,6000003814698;31,4234089558376;1378104178,57417;62,4344444274903;38,0125000476837;3,97943385392832;74,8905397965912;21,9818159958119;31,2511129696419;33,1704131276125;30,7038823815351
23;Bolivie;BOL;-2,65165876399245;3,67941171982709;4,25308634549914;2,54999724811504;4,29330594033332;2,59002356239446;7,25042838365125;25,7400606275092;;;50,4375;4,99483599025928;71,9157241932553;22159153329,4561;2120,49728402846;3,2125;54,5375;64,1731252670288;34,3435916121967;21352118526,8138;67,2388886345757;48,5992311330942;4,03069602040846;98,9913314867411;6,37960065688318;19,9807933265413;20,789895523495;18,5142958151136
24;Bosnie-Herzégovine;BIH;-0,220005675644428;25,2285714149475;3,2950224077607;3,98394005916622;1,96952953614194;3,00422424914642;-2,45691815312708;36,6768454881962;;;32,525;2,67135154925919;54,7028050250539;15226157352,0238;4263,20338698114;7,8;40,5;28,9735716411046;16,4863434791478;15528540298,63;32,2321427209037;31,6442856107439;4,18808587837955;37,9999874757951;6,39042995582565;10,0429175834989;9,89083908218348;-6,08874742997049
25;Botswana;BWA;-0,805652055632622;19,4600003560384;4,26093772851306;2,42658731630725;4,16886013682831;2,33498745820341;-28,8236045099073;29,665827356191;9,72100003560383;24,2695732116699;59,5;6,18036004254321;44,6349200595287;12513316232,6502;6210,35285121574;3;64,3333333333333;60,7624998092651;35,5682990453034;11763660353,9282;50,276000213623;39,6116669972738;0,845714217720761;881,860215273886;1,97846857295344;37,8167678533851;40,2871384060056;35,2179195986262
26;Brunéi Darussalam;BRN;;7,97749984264374;0,855913850393407;-0,531234545705569;1,00196521477258;-0,387309765846858;-16,3863131538552;;3,20737996101379;9,12744808197023;80;2,88334276536149;70,2059360346563;12327278059,0636;31345,5895675701;;;55,7124996185303;26,0646341533907;12408744002,486;60,1300003051758;41,0860000610351;;;;54,9476941890097;54,5437101412078;57,1642118526685
27;Brésil;BRA;-4,72371065505377;9,18555556403266;2,28600673574809;1,27473071537841;2,29445911309704;1,28306928537117;36,3746540432367;33,7004355213532;5,28325939178467;13,8275355100632;54,6352941176471;7,54663516837041;74,944256748679;1613643079724,51;8138,4748407198;3,10588235294118;59,1647058823529;62,0233334435357;24,945346097508;1575531903995,66;58,9916665818956;59,1077777014838;5,50494183062929;58,328578881086;3,07695140587427;16,3280435031142;16,7481592601294;18,6053443725984
28;Bulgarie;BGR;-0,50300361000276;10,1378947810123;3,5878511684625;4,45740570187395;3,61467478528643;4,48722506985371;-1,02915231982999;32,5666191709018;3,74233290127346;11,0290271214076;36,5666666666667;4,25926263823614;67,5185107600139;45554705325,8779;6225,23875280556;6,075;43,0666666666667;25,731052699842;14,0441300508719;44479029852,8124;47,5689470391524;28,5352630615234;11,0496601686369;46,8677388423861;4,92857780897208;20,0037186459442;20,384127310179;18,372359067683
29;Burkina Faso;BFA;-3,62795202546567;4,25;5,8521046115136;2,77796180199353;5,57718025027463;2,50002128949301;-0,741070431365478;12,2683090788749;4,17161722616716;18,6176508123224;39,4666666666667;2,237753952888;26,847910598341;9957276413,22032;605,404368274577;6,93333333333333;47,0333333333333;48,5550003051758;46,0557347458399;9669379586,99549;64,4425001144409;47,706667582194;0,804730130399016;;3,64345543806565;12,8609172807526;13,2561139537888;9,66267235468713
30;Burundi;BDI;;1,60000002384186;2,67227334176266;-0,477825985394698;2,6096625743671;-0,539962817487839;10,9413994658505;;5,17308402061463;16,2232912699381;36;9,50868529653225;25,8188137162365;1978228796,22168;214,903960579429;7,9;44,6;33,7799987792969;46,233342498541;1969878728,35413;77,7299995422364;51,3299999237061;1,98835896118195;23,4522353180602;2,939479431217;5,90072936939957;5,95339470606913;-6,49870972654691
31;Bélarus;BLR;0,86599591135611;2,46722223030196;4,46341752592933;4,76423564642686;4,31795147364211;4,61870022908841;-5,15979283667197;29,2224389630486;5,10788840513963;11,7650799384484;27,4888888888889;26,2906511149983;27,1677604090771;48053735066,7446;5045,93298196239;9,15;36,7666666666667;;15,9871017930546;46901554384,6003;68,0166657765706;48,2000007629395;5,27940396624071;19,6364997777659;8,99735765455855;27,4502313067967;28,0170833702136;29,3629888059698
32;Bénin;BEN;;1,46000001827876;4,44731738822569;1,51238113681518;4,41079538233352;1,47687537672244;-2,58925427631737;;2,8880894464605;19,1554696139167;43,2666666666667;2,10576764785349;23,3675729885653;9593584297,03554;1003,17452510988;5,43333333333333;49,6666666666667;78,0100021362305;43,7799504086548;9533131820,6679;73,0166676839193;48,1980003356934;0,893870633530019;;5,19913989765223;14,1487631811887;14,2340314181996;12,954152742543
33;Cabo Verde;CPV;;15,5359998703003;4,46568853379086;3,09852500244352;2,74395216458631;1,4991030598208;21,5646219503098;26,6432333305117;5,72547927269569;17,0798463087816;47,3666666666667;1,57843183801686;85,2996938481137;1472529176,07572;2940,63404714509;4,96666666666667;53,3333333333333;64,0974998474121;33,7012940608111;1425148707,43564;49,6279998779297;36,3849992752075;2,60006592249619;36,4892783109484;20,6006059567953;32,3497603051831;33,4489734928671;18,6501256812202
34;Cambodge;KHM;-1,65916061657809;1,32769231268993;7,58677013484447;5,8746775716689;7,44032995073605;5,7305843106658;-6,65242396511798;10,9422434123493;1,74058180505579;9,29925368048928;70,2;3,59233606186196;48,0305154530182;12799297922,9953;855,716645737554;;;81,4116668701172;34,3442542052621;12123887682,5887;79,8584612332858;74,0884619492751;2,34143838665913;75,21542680279;5,89022416308858;18,8224472914238;19,8090108849911;15,2015489764103
35;Cameroun;CMR;-2,98603430893712;4,51200003623962;4,26510750958611;1,49521591589297;4,49352151536936;1,71753751159777;-0,111454917348376;12,5617404072458;2,8573382321526;17,1093305699966;43,8333333333333;1,9513265121773;17,8108286081767;26015845359,4644;1231,72259750909;5,5;49,9333333333333;76,4099998474121;43,7114799772768;25535248256,1417;69,7425003051758;51,5799992879232;2,37890937981265;53,9966865256473;5,35032218247233;18,0113634477593;18,4008848642711;19,0585929982701
36;Canada;CAN;0,511377228693869;7,06400003433228;2,54531794245343;1,45691583092973;2,64747907521391;1,55805117841363;16,5053932587131;17,6923356449176;4,95975869894028;12,2394337654114;33,64;1,40566783672403;142,777461019968;1439390876685,44;41896,2830559202;7,04;40,84;47,9090000152588;16,8589367549615;1417507372481,49;61,7610000610352;64,9609994888306;;;;21,5794874324893;21,928272382154;23,2966211855587
37;Chili;CHL;0,574173347177139;8,31052642119558;3,68073096006761;2,53543005818157;3,62578019306041;2,48125168278062;7,96626011564546;19,7227684195814;4,14724860191345;18,1962118784587;46,6285714285714;4,72361434711836;78,8436288909679;197251346174,581;11314,3802815335;5,21428571428571;53,0428571428571;48,4515377924993;22,5949231048171;186174952852,466;53,2952631900185;36,3326318640458;;;;21,8687654301322;23,3208951065763;26,7852428088998
38;Chine;CHN;;4,12941173946156;9,05033508054429;8,46816079022927;9,09802570983622;8,51555841147977;12,885198847951;;;;41,02;3,50368086572259;172,840044151347;6829998626227,44;5020,71110972246;5,77;47,12;;19,4549089275234;6807442587307,75;70,5136843229595;57,3800010681152;1,27633036609738;277,254899641444;0,46031306544088;46,2433532893036;46,4142728391069;46,1551474994453
39;Chine, RAS de Hong Kong;HKG;;4,47944447729323;3,3484866528438;2,70227429802357;;;-10,7316166706229;;3,71689105033875;20,8657848960475;77,7;0,796750101197427;316,930848208365;246951444319,312;34695,2823955008;;;48,0787496566773;12,8250210286849;254094653699,325;58,0293748378754;40,9699997901917;;;;29,6912693165626;28,914050829304;27,8797804067302
40;Chypre;CYP;-3,25577100345402;7,93421056396083;2,38608993069071;1,03080782108139;2,67696105566589;1,34556408985288;24,353592515386;48,811968536619;6,28825563192367;16,0205082893372;32,55;1,64306875896989;;21529946187,0646;26491,7706652402;8,35714285714286;41,2071428571429;44,3731581035413;18,5244650899835;20928573896,3002;58,0494738127056;39,9399998313502;;;;14,6991099138139;15,2063734241624;18,5428942094058
41;Cisjordanie et Gaza;PSE;;22,0363159179688;4,54963331294625;1,9825842368823;4,75253170468509;2,18122243998896;3,71217083126826;;5,56782565798078;;34,525;3,21795355454446;69,1096945182287;9454444444,44444;2407,32657132633;7,4875;42,3375;38,4968424345318;42,68297406818;10393988888,8889;31,6673687382748;26,5110526837801;;;;8,37703063199932;7,59502855259649;-19,542428625966
42;Colombie;COL;-3,24324398088871;10,69684199283;3,8582362219013;2,56072348601973;3,797502309519;2,50121422311442;12,0533379109728;27,6345590195739;4,34645718998379;15,4323648876614;53,325;4,92408902993178;38,828905502278;247207051350,08;5371,55345367941;3,46875;58,06875;61,8511110941569;27,3709343201733;239987861695,176;60,1078946966874;53,1905262595729;5,50722921612926;40,1616598730073;7,0607607683159;17,3132484781639;17,8343610668769;17,9852210303335
43;Comores;COM;;6,35500025749207;2,81764971280753;0,409227461369356;2,89351182596823;0,474220903308745;1,21509762252373;;2,84741568565369;19,0204470498221;50,6;2,5821409424551;20,397246869009;871969152,32269;1231,69899614398;4,25;55,9;36,1799993515014;41,2408199533073;872883395,202672;40,1649990081787;15,1950001716614;0,806698226136914;64,4180484031437;3,09936909640412;10,7202599300491;10,71301635289;-1,84514496985379
44;Congo, République du;COG;6,40872108062281;15,2999998728434;2,06664620344161;-0,814758151382506;3,08702480336312;0,169458980720312;-4,68540315682233;17,1251360374474;3,7715488937166;11,6909343401591;48,1;5,2647242447779;20,4240440114579;10546416202,5995;2391,22634065752;4,55;53,5;63,6300010681152;41,8912916388629;9482236875,04793;51,435001373291;42,5;2,64125650371312;59,3922014689747;9,63642843507687;38,6494487508607;44,1522088649778;51,2733368547448
45;Congo, République démocratique du;COD;;3,66999983787537;5,38054267663988;2,0426529652916;5,32809605912008;1,99155216640653;1,02728276824083;;1,88044999043147;12,7812282244364;42,15;19,2299353282105;8,64115320315287;24873472411,7276;355,090357950348;5,6;48,45;68,1049995422364;46,0732501028347;23717420751,3457;66,7500019073487;40,5549983978271;2,16141848500254;11,6743087111805;3,99718829238408;13,6611872298217;14,3208515718663;12,1794462528428
46;Corée, République de;KOR;1,46809403266081;3,55250000953674;3,85383606515305;3,33391338516004;3,94008037973055;3,41960781928927;-3,06344256070306;20,1208332252362;4,33309984207153;;31,9;1,94281926879773;124,67513609454;1174474307606,67;23505,8751950188;7,275;39,35;48,2933330535889;16,283573339324;1177263245023,85;60,0324996948242;29,0114998817444;;;;34,3979506527516;34,3517367060523;34,6324927260617
47;Corée, République démocratique de;PRK;;;;;;;;;;;;;;;;;;;22,7816306608318;;;;;;;;;
48;Costa Rica;CRI;-2,24712009753427;7,69842112691779;3,92906146177364;2,61287483817042;3,86458065539459;2,54866468083598;11,3097967794642;25,1322457731882;6,07647222942776;22,5427983227898;49,0777777777778;7,35335623834061;50,4417761348667;37774305131,0071;8072,76580547359;4,11111111111111;54,3555555555555;58,5447369625694;24,8903434769227;36214462259,2627;56,186842265882;47,4236843711452;4,88947137856463;38,1642295786611;6,37745343887183;14,8251706976504;15,4359206779424;17,7687558219038
49;Croatie;HRV;-3,6223800492985;12,6910527379889;1,98453101439048;2,49520952073243;2,00017335672161;2,51139646808244;11,5425827483503;39,958646483595;4,10162196159363;8,5991268157959;31,8111111111111;2,38736066851644;66,5743297405332;52023888444,7843;12260,5299428128;7,08888888888889;38,9555555555555;25,2555555767483;15,3648108506594;50754388669,3734;44,9105264764083;35,3961112764147;;;;20,5689307746586;21,0599566241459;19,3816194853905
50;Cuba;CUB;;2,4111111164093;3,9601716816067;3,85236494846516;4,24027828780833;4,12046992499308;;;10,9642760276794;;64,5;2,8132874152967;;64216329783,3333;5694,77808019017;;;36,420000076294;18,0537869096031;58994803518,75;57,527500629425;38,4599990844727;;;;;;11,8544721683463
51;Curacao;CUW;;12,1119998931885;-0,144931702971913;-0,998586096172235;;;;;4,93095016479492;;;2,19197516385579;;3121813612,66294;19964,6410181286;;;;20,8236702311905;3132385034,14028;49,9560005187988;30,2600002288818;;;;17,2227660622351;17,4285502274519;15,621083230563
52;Côte d'Ivoire;CIV;-1,7359726471063;4,33499991893768;3,77086708828606;1,35609654473086;6,07312423176095;3,48673422215324;6,01948481486301;14,1933651550401;4,11953887674544;21,6104376051161;42;4,73818896799954;27,5930965345806;29746163522,8217;1363,59488277382;5,63333333333333;48,4333333333333;62,289999961853;43,3049685164268;28514489380,3189;61,8674993515014;41,8249998092652;3,63794341327538;;6,89657759309083;15,6671979742383;16,2088101740996;20,3002597281485
53;Danemark;DNK;0,815000363815236;5,65947367015638;1,34266046773634;0,8855853083315;1,52732937747592;1,06860864424582;-3,33374240827905;38,3625292926034;8,02277609507243;14,9976220448812;26,9333333333333;1,67743088545672;58,6969903535878;299941735233,342;53794,2372845471;9,46666666666667;36,5666666666667;46,1821052149723;17,7633754945428;304746860319,795;60,0657896744577;64,1178954275031;;;;27,040957011513;26,6647298954407;27,4295483339823
54;Djibouti;DJI;;26,0599994659424;7,16525649270631;5,44154267482179;7,23486491660891;5,48660299590297;1,99848741397445;;6,56996832291285;19,2376655737559;42,7;1,21096312466561;72,87096317795;1522470766,03361;1722,85117799607;5,15;48,6;28,6299991607666;33,9449081123889;1565526474,81744;23,8600006103516;14,7799997329712;3,23746788375572;26,2954429648892;13,7103946392024;28,863211326594;27,6386115297351;18,0868813931788
55;Dominique;DMA;;10,960000038147;1,36269343075192;1,19950892494613;;;-1,52034180139879;;4,49101507663727;9,97663545608521;82,3;1,69730742715734;88,0507685939783;461930998,050682;6512,85237559681;;;;;444331591,990779;51,3699989318848;43,1599998474121;4,72377695558906;33,2537725830098;10,5597358745419;;;
56;El Salvador;SLV;-2,26255396415254;5,2773684576938;2,05228836739816;1,56095593393869;1,9115086667628;1,42087096996426;23,3444657170654;22,6363666411579;3,75707875192165;16,0395455360413;44,6333333333333;2,38334691582601;55,4385512975487;19245515563,1579;3093,45869575821;4,9;50,2722222222222;59,6729999542236;31,5664123750734;18490045105,2632;57,0257897627981;47,2468752861023;7,80093741840545;22,5698444399422;12,2318602031802;14,1796719524009;14,7220825230617;-1,46985395075678
57;Espagne;ESP;-2,87346267211756;15,9810525994552;1,67421160774032;0,877172151150137;1,7140376041358;0,918215449212071;18,0826887063621;32,0442600062384;4,36465117510627;10,383566014907;34,6333333333333;1,83382161502677;;1252878196832,92;27517,4335761847;6,32666666666667;41,1133333333333;47,6715788590281;14,6438880828447;1239905700473,84;48,471052069413;40,797368501362;;;;21,0193260350474;21,2287420462193;23,0825909597326
58;Estonie;EST;0,596009717758206;8,72631574931898;3,78170291536402;4,06975159394394;3,80543063560917;4,0930110499067;-2,8721201001534;33,6052377643595;5,13741564750671;13,6819794774055;32,92;4,54505350902228;;20421601438,1633;15346,0610763525;7,37333333333333;40,7066666666667;35,9152633265445;15,7336507053173;19648343673,5119;55,6078946966874;39,8863160986649;;;;25,2692565703208;26,3365254464724;28,9512682683658
59;Eswatini;SWZ;;25,4799995422364;3,04768041707295;2,33256083107358;2,36482801613711;1,65522411912559;-4,63986693895455;;6,06176003542814;20,9390260523016;53,05;6,0470463922204;23,2865460554242;3649493474,11714;3387,82608672899;3,85;58,5;48,7799987792969;40,1567636118056;3521473124,58351;39,5200004577637;24,8999996185303;1,29792720991909;112,17244579995;3,18367077147665;18,16028090695;18,5563481309568;11,4250766804975
60;Fidji;FJI;-2,25079241654212;6,72799999713898;2,41709368101615;1,92195287966987;;;32,5356186083442;25,2684222127351;5,14114301204681;19,1463939666748;38,4;4,0539452426959;65,5797796073408;3706974854,73247;4325,316420595;6,93333333333333;45,9666666666667;56,386666615804;30,2494346926515;3564506023,90777;50,5099997520447;38,2999992370605;1,95468929858949;137,658913076204;5,37604656549605;20,4581185679685;20,9671579662324;18,0893759194495
61;Finlande;FIN;1,06682390916696;8,45842105463931;1,44668814665059;1,10471547595429;1,50332420280246;1,16120174109507;2,60512417480302;36,7607404915012;6,39295232997221;12,3261489307179;27,52;1,60566782311162;;234547667589,532;43630,2903756566;9,34;36,9933333333333;31,8994736922415;16,8018635657297;235758738538,753;55,3689474808542;54,0105261551706;;;;25,380643483042;25,2641748419938;25,8332476510059
62;France;FRA;-3,64434370218384;8,91947362297459;1,28842715644804;0,777227532443248;1,31533528878946;0,803928041858074;10,6824892618994;46,6004914401201;5,45160007476807;9,67858028411865;32,0466666666667;1,34398956461057;;2445611930178,36;37634,8961352996;8,04666666666667;40,3933333333333;34,1405260186446;18,4241075623515;2496063180281,14;51,0931583203767;37,5142107511821;;;;22,4408777273358;22,0007295698268;22,298406363066
63;Fédération de Russie;RUS;2,32707196042513;6,48315788570203;3,37056329136568;3,37481320407028;3,33441683437584;3,33882447900854;-5,82613244957242;25,4008204206099;3,82789074457609;11,2813346569355;39,4666666666667;11,841066859118;45,4710620155137;1332913803781,03;9224,7193270985;6,41666666666667;46,5166666666667;26,6110000610352;16,1451650611203;1294435577991,83;62,1300002650211;38,9678943031713;4,76295393577917;81,5717517562965;2,94684991523637;27,8386686380534;28,6083674532119;30,9283857093041
64;Gabon;GAB;0,409901417295368;18,6499996185303;2,53368255786063;-0,503957942907597;3,05136966297439;-0,004836949369214;1,7371018183668;15,630673950491;2,95506601333618;11,9233997344971;40,1;3,33922145871387;19,5176199859897;13016735829,9693;7657,69922398555;5,9;46,55;;37,9715478587452;11692456828,8208;44,579999923706;18,2600002288818;5,47666247339984;35,4260268055928;10,6389740810788;39,062621864263;44,0473563372209;51,9848142320659
65;Gambie;GMB;;9,78999996185303;3,05937455999505;-0,025639271210455;2,79182606618844;-0,246938798623363;13,2617529425197;;1,72310174913967;10,8220124805675;42,2666666666667;10,3616841539001;30,1454013027801;1259235875,48095;683,053813452374;5,96666666666667;48,7333333333333;40,484998703003;45,4255292861846;1231201485,53093;43,4349994659424;29,2950000762939;2,67038740028967;26,0044516943889;6,78248115441563;9,77361599118862;9,99786004481171;4,37846262956564
66;Ghana;GHA;-5,43714505602999;4,63199996948242;6,20536483610667;3,68638017633366;6,47465412484914;3,95505946756357;11,0416567530264;20,4269097423942;5,59199813008308;23,1386650800705;42,9;22,6090723108547;28,1396620986961;34879964358,6212;1315,7440336402;5,1;48,5;68,7374973297119;39,5432568181491;34135842283,9312;65,64400100708;41,1060001373291;2,54484749269219;35,1948791107302;7,1389453463347;15,1436491849939;15,4420922899441;9,03576162378181
67;Gibraltar;GIB;;;;;;;;;;;;;;;;;;;;;;;;;;;;
68;Grenade;GRD;;23,8666667938233;2,60208011453508;2,14092447008727;;;2,23135376959635;;3,55026996135712;12,4250798225403;82,7;2,01790824037974;90,43058363029;824652779,727096;7665,49148877519;;;;25,7632492202708;763026397,660819;76,1333338419596;;3,72245161223452;27,4305739785789;11,4355734373371;;;
69;Groenland;GRL;;9,43666664759318;2,41548667057019;2,43403410978037;5,8339922135498;5,93331754265054;;;;;;2,16939114038372;;2288175453,06426;40503,8467626713;;;;;1506713833,84747;60,5;;;;;;;11,3732745271831
70;Grèce;GRC;-6,50313532133602;15,8121053294132;0,21406868917514;0,251470680681574;-1,55434506835993;-1,34175765223583;18,3720097539141;47,5526787651051;3,56987595558166;7,71122398376465;34,6533333333333;1,39519741816223;;241560135135,764;22042,2880800686;6,53333333333333;41,32;37,2015787425794;14,6969769427395;252054180302,376;44,1678950661107;29,9189473202354;;;;8,78314294598306;8,96595261129897;12,039206647937
71;Guam;GUM;;9,2428571837289;1,15335922801177;0,81875912166108;;;;;;;;2,4061280374273;;4833000000;30121,459779428;;;;27,4565739420129;;55,8333333333333;47,014285496303;;;;;;
72;Guatemala;GTM;-1,85181115950593;2,85090909220956;3,45417419607163;1,51542809405456;3,42258371045724;1,48464310260718;7,15729286883508;12,6887817044603;3,00323689900912;22,0601125863882;51,45;3,94504054152968;45,6504952499489;44931508132,996;3053,12102121658;3,85;56,2;63,3381812355735;39,1449907832696;43993356335,4311;61,55166721344;54,370908910578;4,09397707002042;43,43176111618;3,17142275146798;14,2030551935803;14,4909800377287;4,32467286060185
73;Guinée;GIN;;4,55000019073486;4,5871171726601;2,19902818225411;5,45390483498466;2,91474943140383;12,2114191555818;;2,26992875337601;12,8388980031014;38,7;13,9332950892877;20,6780748978792;6806951117,02728;636,905477923316;6,56666666666667;45,7333333333333;35,4199981689453;45,7995201120652;6652274022,14156;61,4900016784668;47,2099990844727;2,49197543865654;23,54798965822;3,64966933598165;4,18184129564302;4,37629856342741;6,14837878868142
74;Guinée équatoriale;GNQ;1,55544750336624;;8,43909277198136;3,92660995231546;2,75548639853935;-1,52370631568474;-9,24218875271965;7,21666087569144;;;74,1;5,94865593045549;11,3830868218916;12685452858,1462;12793,2666556236;;;;38,5530596365737;8683746395,83118;;;;;;;;55,2405762489875
75;Guinée-Bissau;GNB;-2,87023229971456;;3,30864673647967;0,786487878330262;3,90639668501234;1,36961771606211;5,90780432287125;14,1846194495985;1,96305748820305;12,5000398159027;43,15;2,70853274357812;29,9970716522183;884749304,502267;556,052607901179;5,9;49,95;;43,4087850945451;889380978,994448;;;1,14164758250365;;7,17767501504027;6,08977524467353;6,08478577650414;-0,806932624964708
76;Guyane;GUY;;12,1766668955485;3,05547043023804;2,79896575481379;;;16,0999860720931;;5,54852937161922;14,3785286545753;73,4;12,1260943773235;58,4528926174078;3055297800,50603;4013,37675270755;;;54,0200004577637;32,4005646315328;3039696027,97697;48,295000076294;48,7400016784668;3,13570648060419;32,2613435273142;5,93943445899843;12,2671897497468;12,8695262352475;8,25044203063996
77;Géorgie;GEO;-1,35505841569673;15,5131578947368;5,58863823783156;6,10184512426121;4,38933262742252;4,60480776634811;3,91015711448334;21,0858103841467;2,77504926068442;11,3958971159799;37,8055555555556;5,88828009409319;28,6774550120433;11773387713,9825;3120,30411963508;6,18888888888889;44,3111111111111;40,9490911310369;18,9808466080756;11560105600,8732;55,2878948010896;37,9873685334858;8,55125568859755;20,9310904484487;9,47746872411015;14,7863206731016;14,9862396739817;8,37298660844605
78;Haïti;HTI;;15,4499998092651;1,97053989604548;0,44828866929209;1,97907639960861;0,456728721575174;5,71540787681406;;2,82025194168091;13,8933797836304;41,1;10,176517393208;26,7046637220322;11035202761,8408;1088,45960134025;5,5;47,1;54,8400001525879;36,2867931686351;11055516044,0593;45,4250011444092;36,0699996948242;0,516136975889109;84,8594088276773;2,75273958854155;11,6861520651811;11,6722011155173;-6,11412132283164
79;Honduras;HND;-1,94575429548394;4,85684209120901;3,91229632633667;1,7805660991258;3,69197154445073;1,5647211218452;-0,901142617009094;22,0904164566689;6,36136996746063;23,2791523933411;54,3777777777778;5,56748637950402;52,9854737831443;15757987021,3522;1848,33455927562;2,82222222222222;58,2722222222222;59,9780001322428;37,1990836413792;14800196487,5474;58,8900001927426;52,1988889906142;4,38794960821125;51,0291127123183;8,34709587296085;19,5269052614808;20,6737548760854;7,13712224407035
80;Hongrie;HUN;-4,56175629011626;7,21894736039011;2,55928213841397;2,79753349212591;2,31382550974123;2,54490281949238;12,7545695664798;43,0443350481141;4,88884824865005;9,98716696570902;29,8857142857143;4,316214229187;55,2347304484636;124566554447,779;12520,6230499275;8,07857142857143;38,1357142857143;25,8589473523592;15,0619480728854;118679747661,438;48,2315782245837;28,7063154923288;;;;21,1038598014742;22,1332637130092;26,452999749259
81;Inde;IND;-3,33129531220207;3,63000001907349;6,61016535983522;5,17739276779844;6,60505595473277;5,17229317197191;22,7538467200548;15,6790161172606;3,49576001697116;12,3491023381551;35,1666666666667;5,64217133109579;72,4526720059082;1562672315604,83;1234,516308986;8,3;44,0333333333333;52,1739997863769;30,6344113398811;1546175449750,45;49,9720001220703;34,6083329518636;2,50324120340625;89,4424239340887;1,50650746426489;33,0141681981185;33,329187219993;30,8676381481747
82;Indonésie;IDN;-1,65331487597347;5,67578955700523;5,27876437761613;3,92200426688523;5,29805553112329;3,99006868601222;11,9711871319606;15,4372107960001;3,07543856757028;16,286942754473;36;8,07166413771724;41,110963196456;648380789015,522;2596,97044116474;7,78333333333333;44,2388888888889;63,2242108395225;28,5914737643475;627394174810,452;62,6352631418329;48,1242101568925;6,48524867196242;34,428556135611;5,54724277941815;28,3119890185616;29,3057581921138;30,9924975822267
83;Iran, République islamique d’;IRN;2,59801956979823;11,6635293960571;2,48347067432524;1,23064544848788;2,48910186386883;1,23623793466013;1,47536189584501;18,1903309617218;3,78093779087067;20,5903061760797;40,875;18,9182117646017;52,9767398504011;362897648132,126;4851,35843948926;5,875;47,3375;47,4300003051758;25,6994208926246;363821112053,324;38,0290000915527;27,1940001487732;0,577530147769827;;0;;;43,1209529864288
84;Iraq;IRQ;-0,403432939797338;10,2079999923706;5,22232309312995;2,41479836824087;;;-5,87074922068255;25,507424428806;;;29,05;6,38449998610467;32,11764390843;156316471750,847;4717,07695835053;9,05;38,3;43,7700004577637;40,9152353180315;155576221728,201;37,8280006408691;29,7959999084473;;;;30,8223493197607;31,2220407433554;36,0596415954417
85;Irlande;IRL;-4,17771960797815;8,24105251462835;4,76147218132843;3,33223862722361;4,06791257225538;2,65321514396998;6,80749327587048;33,5152935531609;4,77128295337453;12,8894853030934;32,6357142857143;1,69365017241416;;247417977949,08;54646,3474246988;7,75714285714286;40,7071428571429;38,0868420851858;20,9833259517173;204690874572,969;57,0142101488615;52,2284210606625;;;;24,847233688548;30,2406665376138;42,2793588397686
86;Islande;ISL;1,65567676577218;4,07736844138095;3,08752583366635;1,72316975754763;;;-5,74038352991157;29,5247411859135;7,27227943083819;16,6402558719411;27,9846153846154;4,71768751532065;73,8165759067894;16796936363,2232;52290,1664419841;9,28461538461539;37,5307692307692;74,4768423783152;21,1438840755248;15673028532,9577;78,5531572040759;77,8863155967311;;;;15,2432375125712;15,9408980370458;22,7522130599164
87;Israël;ISR;-3,34272556042749;8,23947368170086;3,24805359284324;1,28921523184382;3,57041989472035;1,60523018116407;4,62615918357357;39,2772992631797;5,85213358262006;13,9191528208116;40,6285714285714;1,88504467894152;84,5050913554456;237132406262,794;30107,6468470533;5,05714285714286;45,6857142857143;31,9244439866808;27,7317998306179;233964891744,555;57,8957896985506;51,7868423461914;;;;23,129389499548;23,4881391470089;21,0793817084324
88;Italie;ITA;-2,82191527545179;9,37736829958464;0,223194326485141;-0,075251968486948;0,28869220032198;-0,009681445780154;30,1936430372648;41,6381115637592;4,26088643074036;8,78455061071059;34,5533333333333;1,73710728738621;;1947530641825,24;32886,6563203285;6,49333333333333;41,2133333333333;36,230000144557;13,9395509258689;1947331719127,98;44,4463155646073;29,9305261310778;;;;19,5845074330091;19,5863964904536;20,6155480596861
89;Jamaïque;JAM;-3,80658699620364;12,0778946876526;0,799738820250308;0,244493884630165;0,378857691807031;-0,146876764487273;21,3683521793545;28,4192100516936;5,50304781066047;17,8293159802755;46,9;8,73866624081083;46,1898520250355;12957722696,6792;4588,84151625113;5,05;52,9;;27,3403576976183;12447560740,605;56,1393333435059;36,6961537874662;11,3662592671189;22,1347088594658;20,9207685986196;15,6292211771957;16,3366534666288;5,50165201305286
90;Japon;JPN;;4,08000001154448;0,806371273685222;0,830728416591237;0,934639652001488;0,948684962596591;104,965564069666;;3,45837799708048;9,36138407389323;33,2666666666667;-0,513751889156451;220,383035665492;4949061407042,36;38825,0727097872;7,43333333333333;41,0333333333333;;13,435626519399;5086473811310,91;57,8689474808543;44,5663159019069;;;;26,7096108475259;26,0098221920668;24,2567549104665
91;Jordanie;JOR;-3,86069470568383;14,2044443554348;4,4419577097495;0,78502071244156;4,37969068428929;0,729454402894156;21,8499659363061;28,7711469576963;3,22626250982284;10,8010725975037;34,3;4,64204319617252;120,525884473161;26265002756,3522;3308,29543850583;7,95;42,875;40,2533327738444;37,0788470880756;26266568701,7234;33,1499999551212;27,0666669209798;6,18626436188696;54,8751883498639;10,3187515328311;18,1852392506703;18,0507512438116;-0,294336424950163
92;Kazakhstan;KAZ;1,32945016136879;6,54999998996132;6,35263157890605;5,15606661550573;5,72495826009601;4,53069227316673;0,875165451560326;15,2299717675369;2,7082672552629;12,6259701468728;30,1705882352941;12,0033779440846;32,8295197702351;129931755621,332;7710,08931433663;8,82941176470588;39,1764705882353;;25,681659912273;115347268101,03;66,1805557674832;49,5200004577637;20,7139325518794;19,9782377110512;4,5698138339549;28,5955849466974;31,9022065042834;39,1514376037972
93;Kenya;KEN;-7,55952748137807;7,44000013669332;4,92278868256993;2,21148677579434;4,86565291252395;2,15567760037148;8,67238999446552;24,0887779004468;5,82706530888875;21,2669534047445;43,65;7,76747050779075;38,6236683307844;44785585397,1378;996,180712969493;5,6;49,85;69,0049991607667;42,7984668301444;44290210520,604;61,4366658528646;40,9466667175293;2,19704821709678;34,7412332812049;7,12718805834673;11,8423450232235;11,9330249292416;6,79721364454801
94;Kiribati;KIR;25,1518341452549;18,1866664886475;2,01243167161607;0,250846800340793;6,14408441967046;4,4760044308177;;67,4640165826344;11,9881200790405;11,5161399841309;37;2,7564328090536;;146178661,121596;1406,65758533091;6,6;44;41,1599998474121;36,3579493111355;241433397,412391;34,2100009918213;31,9933325449626;;;;36,8659499739144;20,4142985298184;-53,7920672914213
95;Kosovo;XKX;;39,915625333786;5,16447411081363;4,86869537638333;3,86162470727526;3,52223111245094;-10,2692994147362;;;;29,0166666666667;1,88934577824455;35,5309697874004;5504294807,08035;3106,66016687893;8,85;38,1333333333333;18,0379999160767;;6210920138,44025;25,4643750190735;22,6328574589321;1,94340770085135;58,3909331688545;1,49214689542496;20,8951931294017;20,3227388177218;-4,26197719382001
96;Koweït;KWT;;1,70153848483012;3,49092331154151;-0,325609568890762;2,63741135005424;-1,45941437880616;-0,413783504991803;36,8412313428039;5,43406596183777;15,0900539398193;76,3;4,24225789084505;74,3711914848372;112158146096,638;36143,1839075842;;;;23,7523207443679;121417469593,262;72,3680004119873;29,824999332428;;;;46,6512734325455;42,5906919729219;45,8636087449326
97;Lesotho;LSO;-0,152751012584106;30,0199995040894;3,00380149970484;2,76688957933054;1,58821828032631;1,02131959609086;-12,7700103301402;38,8069244247927;10,4641144540575;24,7014364666409;48,25;6,42634691773453;32,2175748899744;1959764791,23355;963,394594149416;3,8;52,6;;35,3939135949116;2436218465,21576;39,1850004196167;35,3766663869222;2,61324043147605;100,323084545761;7,02550887248643;29,5983683020508;24,0146018668463;-23,6433879989749
98;Lettonie;LVA;-2,56021673084824;11,3257894515991;3,73154436951589;4,89381733122841;3,61325685386491;4,77356688500491;-0,704941189897635;43,319246794855;5,28810629248619;14,4911748766899;35,8857142857143;4,62963207663633;;24866479173,2844;12041,0317347373;6,46428571428571;42,7714285714286;35,9347369545384;15,070817538465;24767603830,643;52,6363157975047;39,383684258712;;;;22,6220863303015;22,6776868580572;20,5907613388541
99;Liban;LBN;-9,76010158591784;8,63249993324279;3,24407325936052;0,171912282556737;3,18578442245406;0,122781465232021;93,1936546201274;27,8260547695009;2,30596081415812;7,01582249005636;31,8;2,93553190457244;233,970091966552;36294712080,4517;6514,40548277021;7,9;40;48,4199981689453;27,9549011314947;35834050578,3378;41,103333791097;33,5733331044515;24,5264298822426;76,3264279350469;20,2972739385517;1,59142363459035;1,3858477329853;-1,94942343003781
100;Libye;LBY;;19,0300006866455;5,39651493212255;4,10367834052979;;;-56,2845865403665;;;;65,9;7,57244652897533;87,2248897519456;48872346811,8985;7950,97406548215;;;;29,5475600626148;50060224094,1412;38,6599998474121;17,6900005340576;;;;54,4391091441437;54,0015189712016;54,0901650504136
101;Libéria;LBR;;5,80600004196167;2,4198716963993;-0,533446584026647;2,39043036373205;-0,556236277206118;41,2210361277366;;2,13965668280919;6,58767676353455;35;4,95091421713188;15,8950043896275;2095568373,68421;513,348026023151;7,16666666666667;42,5333333333333;76,9839996337891;42,5046789140445;1871356605,26316;66,6966654459636;50,9180000305175;6,42196045626324;43,0138319875078;5,6813871357477;-36,6979184675889;-41,7178977672176;-56,3411154956463
102;Liechtenstein;LIE;;2,03000002247947;1,86824541971582;1,03816771919356;;;;;2,24547998110453;;;0,016581573495013;;4934168655,4074;136194,141184764;;;;;4139127764,65264;60,019411872415;53,1500002543131;;;;;;
103;Lituanie;LTU;-2,18274769318533;10,3610526637027;4,21924561698319;5,47713919004336;3,16397899342761;4,49546607406409;0,560684285071763;33,6877232901283;4,88018232233384;13,8241970959832;35,8357142857143;2,91606698299856;;37282650875,3344;12314,2897872201;6,38571428571429;42,7428571428572;17,1452629691676;15,7838911492955;36380230281,4468;52,2252628928737;31,0652633466219;;;;17,8370783692326;18,2606502147214;18,1998778513149
104;Luxembourg;LUX;1,32919346493313;4,86578947619388;2,82910878238781;0,947950577808117;0,874567846832566;-0,964871852766385;-3,37768154092422;38,2858100172913;3,82837810516358;9,2209119796753;31,92;2,61750588955473;;51020129416,5241;96862,0112689411;7,78666666666667;39,8666666666667;38,0489475852565;17,496244131588;36927227367,8277;54,5894739251388;29,7157893933748;;;;25,0346734514051;32,6760042586352;50,1792207976479
105;Macédoine du Nord;MKD;-2,09701232611819;30,1094734794215;2,76072448460449;2,63391694901536;2,58296174747453;2,4454840489343;2,05284770990301;29,1296250638692;3,30014991760254;8,64087963104248;37,3555555555555;2,71787691666345;46,4190622024453;8853989144,81282;4272,68463688016;5,03333333333333;42,3888888888889;35,8971429552351;18,5229144827761;8633872829,17347;38,3331581918817;34,0852942747228;7,24402501093969;43,7913420316461;9,0273647423184;23,0570243112084;23,6465562164272;8,77289752930223
106;Madagascar;MDG;-1,72218362562629;3,27500003576279;3,08083916360583;0,209908589910803;3,00039619803679;0,131514727294064;3,67613300862021;9,19247193267633;2,5867937579751;17,7668656110764;43,075;8,53782821761651;21,4622539434268;9774996345,42475;447,917222366916;5,85;50;92,4850006103516;43,1947768496802;9546914205,37644;84,0799995422363;76,4074993133545;0,905878659191833;29,8870100243669;4,1685086145767;14,6947447657565;14,9989447025644;12,1360488566484
107;Malaisie;MYS;-3,94259323808157;3,33368420600891;4,85968695161955;3,10842150055734;5,14793954628342;3,3909225971035;4,49012714958401;18,4798012627802;5,4161794450548;19,9871561792162;43,9833333333333;2,98369778510284;130,710070232611;238699767937,878;8298,43756625455;5,16666666666667;49,7;68,0299975077311;27,9590766525915;230966885355,487;63,0252627322548;43,589999516805;;;;32,7654400691235;34,0243007956942;38,1145650129079
108;Malawi;MWI;-3,67484295442941;11,8533332943916;4,35394630407077;1,57011209733861;4,95705574357553;2,13094264313847;7,57974333256991;19,4688006125228;4,47764699459076;16,6335710949368;43,3666666666667;19,926326486515;18,7179770833496;5302556811,77302;353,954171356376;6,26666666666667;50,3333333333333;70,1766662597656;45,725116653276;5209403837,74099;69,2200012207031;65,0450010299682;1,163190177312;21,9440457207914;4,65175070606;9,7780161671227;9,93960886208749;4,3113762838273
109;Maldives;MDV;-6,25745518479279;7,67666657765705;5,81943938914725;2,30635890740166;6,59619429784845;2,43323890781443;17,3938674274219;23,7047179048187;4,48159999847412;14,2578149795532;37;8,36470025100764;42,4647683815098;2773472516,92105;6714,00961348083;7,16666666666667;44,5;53,5100002288818;26,6330446285863;2525279797,64801;49,8249998092652;47,4833323160807;4,1299335221271;41,3382708552574;9,82620147876475;20,8314050915945;22,8520149467984;39,7251343269601
110;Mali;MLI;-0,772306015089685;6,62899997234345;5,12258452351043;1,93349198532816;4,99610702089212;1,81066058628883;-0,772986293672487;12,5763945898052;3,48063400586446;17,1278174082438;37,2666666666667;3,44441971127417;24,9057011800513;10493274928,9272;662,774676180834;6,9;44,6333333333333;55,6749998728434;47,3870812876566;10142880985,3433;58,7909089435231;55,6900007459852;1,15512547147317;;4,66783410527138;14,7690467906151;15,31084743767;11,1480037414951
111;Malte;MLT;-4,68768758294916;6,01368422257273;3,8849444893341;2,49749918809329;3,65709713880608;2,27252546808218;19,7523354943983;58,5411596977187;5,88044074865488;14,3928291614239;29,1166666666667;2,41895014707275;;9208991656,41122;21254,8456205168;8,475;37,775;43,3521057932;15,8458803128532;8731949418,72645;49,7315792284514;54,4326318439685;;;;20,2632772726211;21,2947598346365;24,3985128019387
112;Mariannes;MNP;;7,98666683832803;-1,21040772068822;-1,09957672512658;;;;;;;;2,27488155196956;;1027705882,35294;18357,7651327618;;;;;;64,1800003051758;69,75;;;;;;
113;Maroc;MAR;-3,52338317606293;10,015625;4,23770443467768;2,9039883491245;4,23938480269311;2,90658831819063;25,356791066988;26,0743929274383;5,30139517784119;17,3829650878906;40,1;1,27224983713908;106,473346047375;86870914865,3189;2591,17029385058;6,6;47,5;54,6849994659424;29,1866734002751;85566600730,7747;43,4850001335144;37,780625462532;4,73809242483429;72,0478180214179;7,2932587385975;29,9997824170425;30,4213385280294;23,2574002674745
114;Maurice;MUS;-1,94553833531839;7,58631578244661;3,85923716777582;3,50849315503303;4,68319811797645;4,47821787066934;14,5145880269921;20,4798846879776;3,9625247403195;16,4184746993216;37;3,71632975315893;99,4641954947799;9798714021,34053;7840,69512697885;7,26666666666667;44,8666666666667;56,8661115434435;21,862712374729;10285407194,1229;54,629474037572;45,8400003533614;;;3,04993503553755;19,423963690647;18,7967887858943;15,5675666380378
115;Mauritanie;MRT;;10,0999999046326;3,93735122066471;1,01037058507735;3,80845014160272;0,885268457514006;9,79001186486433;;2,12805999517441;10,3525471006121;36,1666666666667;6,60101643788893;23,3843742648041;5051803064,85996;1377,03900433943;6,9;43,3333333333333;36,9349994659424;41,4094853578371;4984229595,86097;38,0549983978271;22,6100006103516;3,0846634908092;11,2328806501254;14,6691673835966;29,718793673729;30,3629626185892;22,2393004627359
116;Mexique;MEX;-3,02488149498247;4,02368421303599;1,93050006255177;0,573969498243913;1,88921859050671;0,533159787535375;15,4114498871731;21,401956497535;4,86656528360703;19,4514641481287;48,53;5,06331128963633;30,8439171454861;1046613128087,44;9124,10302905289;4,54;54,2;57,9561110602485;29,7219387019771;1024697823157,92;57,2705260828922;46,5521055522718;4,69855998916463;42,3990711613844;7,98608412293695;22,2373519347106;22,7000161165222;22,0847536776298
117;Micronésie, États fédérés de;FSM;7,23095545131033;8,85999965667725;0,334850041601638;0,07171806018782;;;-51,3212557202768;18,8690602026134;12,407919883728;22,3123893737793;41,25;2,80510171377686;46,3152701268079;292362883,333333;2740,04902568855;5,55;47,35;56,0299987792969;35,7260412585782;310775877,777778;51,8499984741211;40,75;;;;;;
118;Moldova;MDA;-0,902563643914538;5,83684208518581;4,63238579711155;5,15898494870371;4,71768204064226;5,24322697063545;2,79593900136475;28,5220163882475;6,74296817183495;19,1308776140213;31,6388888888889;9,69528567747906;42,8187171513828;6422684027,61658;2281,82658324574;8,3;40,2;33,381000328064;17,4307580829409;6907289462,79074;42,7273682042172;22,489473543669;6,90894768698791;33,2910908533057;3,03787576836065;19,0742583390068;17,5406890496008;-6,52497090405769
119;Monaco;MCO;;6,32999992370605;3,12596299469682;2,07030532036713;;;;;1,38566001256307;6,83170668284098;;1,23394531207067;;5399358457,20047;150488,970868232;;;;;;47,8899993896484;;;;;;;
120;Mongolie;MNG;-1,65094651125445;5,98266668319702;7,14769912538517;5,48709083635499;7,27749307153272;5,26517006494568;-4,91034260682135;24,1563684906849;4,91022002696991;14,3553701241811;33,3125;12,12939208607;44,0650066411871;7515778862,41495;2597,72798249084;7,75;41,3125;51,6400000254313;29,139054639757;6932016681,43241;55,2156248092651;33,9893751144409;16,1614398001083;22,8537543443284;16,4274963633153;27,7298232170713;29,2821040487722;28,4812716245161
121;Monténégro;MNE;;18,8828569820949;3,14031850470315;2,98943209676745;2,75866620206965;2,6686880992835;2,71397378668071;;;;39,5;5,28881110753751;44,9022887577454;3670321126,63962;5926,74134370031;5;44,35;21,1444443596734;19,3914906017866;3726059410,67611;43,0807694655198;30,3854545246471;17,5720897476716;17,1001868634042;16,5572260136076;5,99259092946968;5,9162576322092;-1,18436249087593
122;Mozambique;MOZ;-1,76537655017267;3,4300000667572;6,81238771143234;3,82478007120373;6,91504808900778;3,92457841876949;-0,841298646650425;20,160985863747;4,98825371265411;19,2635197639465;48,8666666666667;6,35971567815293;34,3618666027392;11864333355,3006;488,201473731385;4,93333333333333;54,8;70,3300018310547;45,2810526484767;11539475556,7516;76,3399963378906;62,5499992370605;5,09063847942128;24,3832015407159;16,14240078994;12,2418888926882;12,5935497286472;9,33585540645385
123;Myanmar;MMR;-2,17498799338243;0,924999982118606;9,36746221238709;8,5305464229451;6,44961820373808;5,65932557868078;16,1830182426777;10,7052488771638;1,68252252042294;9,20806992053983;34,4;12,265927280518;32,0867170034979;42163645825,0635;812,597642214276;8,1;42,85;65,605001449585;29,5410040639244;41201956329,3073;61,1675004959106;51,1999998092652;0,823469960432185;40,8414786408254;3,43051563125372;28,0531689284031;28,6952182733049;28,3008410962955
124;Namibie;NAM;-2,07718235896216;20,2485716683524;3,76405544535555;1,9831234338308;3,46858926585706;1,69293822275528;2,38630297120901;30,6560126393085;6,86859504381816;22,9214817682902;61,1333333333333;6,63962060216027;51,3793691629526;9503105372,54039;4366,76460248159;3,03333333333333;66,3666666666667;58,2759994506836;38,214428643443;9386483077,78581;44,1500002543131;34,0687503814697;;;;20,6808926931775;20,6596023949978;10,1824110278776
125;Nauru;NRU;9,87133892443982;19,6666663487752;7,45277691355078;5,59999644612671;;;;87,0036810058757;4,24615001678467;;;3,54966990992704;;95239071,8939511;8097,96945420625;;;76,7300033569336;;125416222,725087;59,5699996948242;64,3400001525878;;;;;;
126;Nicaragua;NIC;-0,933709358013039;5,49999992549419;3,06812753487765;1,69057355543688;3,08130261816499;1,70361571726286;25,8135312686461;14,9961530973374;3,69968288285392;18,2026985486348;47,95;7,07461016325437;33,7607168524165;9279524605,37365;1563,04646798478;4,775;53,6;63,6549997329712;33,7501978985374;8925261836,81997;59,9258330663045;55,1175003051758;5,84157233229988;19,5596335002612;11,2070962592909;16,9627240706227;17,6257685659191;8,14778307946059
127;Niger;NER;;2,55999999245008;5,39398924540017;1,46735581775635;5,39157220034356;1,4652035753925;0,789330343919375;;3,1138906031847;17,4384844899178;36,875;3,06435411990488;13,736113725658;7685999918,30427;433,964298724874;7,55;44,975;58,029998143514;49,721115924873;8051338585,43095;56,9250005086263;47,813333829244;0,926337178336905;;4,08416366321528;20,0945923665201;19,1479387002096;11,9912703235109
128;Nigéria;NGA;;5,75999999046326;5,69645575325902;2,96917166147863;6,12781042198213;3,38665163912299;0,293330832899065;;;;39,4;11,1907385672801;20,3241404583903;321964491806,442;1932,62870599022;6,06666666666667;45,8;47,9349994659424;43,9219167293079;308252287687,988;60,6671425955636;30,6775002479553;1,25181514652837;145,168232518617;1,68028280167332;26,7631767118299;28,1260491237375;26,6019405490523
129;Norvège;NOR;11,3888326610554;3,65999999799226;1,59819132103754;0,670294882113542;1,92497993596114;0,980463868914745;-12,6324028371728;35,5153419089533;7,14242242364322;16,1089429294362;27,2933333333333;3,05587761390072;58,8482721884799;379734024866,584;76821,21825663;9,18;36,5266666666667;52,4694731862922;18,773321415989;386654582541,717;67,3678948251825;58,3963157252262;;;;36,5849802728042;36,009352172057;36,1708290315694
130;Nouvelle-Calédonie;NCL;;14,9566666285197;;;;;;;;;;;;;;;;;25,9066001417634;;56,3049983978272;44,0499992370605;;;;;;
131;Nouvelle-Zélande;NZL;0,875900594636224;5,04421048415335;2,81964244251971;1,51275825592194;2,9178415616215;1,62623620463067;2,54705335598516;32,2569466024731;6,41395176158232;16,1756729238174;;2,33568651764895;89,9308283425621;147371342261,018;33198,026751267;;;;20,7694380012364;140832287785,948;64,8510533383018;61,7684207715486;;;;19,1901797220761;20,1483754817308;23,9463366804393
132;Népal;NPL;-1,05616380197032;5,26333320140837;4,38975469033988;3,41683328408817;4,42015419023445;3,49025650750705;9,34778713138343;15,9840069008227;3,86510278118981;19,4828245374892;38,3;7,68267544132969;76,9526396620643;15747183182,2684;582,802495763984;7,4;46,35;64,5449981689453;36,008987365688;15896790815,2759;73,2360008239746;65,0533320109049;1,28219221415615;101,154745287449;3,18652822748032;36,8301277371331;36,5126407216365;11,1723998735751
133;Oman;OMN;;3,0699999332428;3,09491737365679;-1,08421569317395;2,82951101115372;-1,34291430874025;-9,77742274468925;;4,10064369440079;10,6636914014816;;5,18222412163871;40,4456630488037;54042470501,7392;15678,9480754343;;;;27,0826718166361;51508946678,8763;61,6549987792969;37,7700004577636;;;;28,3716170410348;29,596208794819;43,1910600780617
134;Ouganda;UGA;-2,5910772355046;3,92857132639204;6,44951129717891;2,9963031474898;6,40514628069233;2,95359443144306;2,47896577447875;11,7707726121227;2,35389401912689;12,4990270614624;43,22;9,06883484105533;18,7418455096976;21056529897,8861;600,161188333663;6,08;50,24;67,4599990844726;48,7582518761069;20647833030,9407;64,2816677093506;58,0574989318848;0,907599435743203;60,3225405776445;4,46214815342588;19,7271749120728;20,1446946602001;14,1003212744272
135;Ouzbékistan;UZB;4,09304067102481;4,03578946700222;6,7004625884702;4,97764305580455;7,08833450486558;5,5252843307999;-36,7241892117777;15,8617900535329;5,77014598846435;23,4730079650879;34,15;22,7367334186024;19,8699153989006;42317003746,814;1408,59263402865;7,8;42,7;;30,5855453726129;42887127806,201;57,4752933277803;;3,63351438527543;172,102913941151;3,90128230049232;34,6423247593454;34,0070469804075;28,8535311720954
136;Pakistan;PAK;;3,49800000190735;4,24952600004098;1,972216080668;4,28426105027172;2,00617305883046;21,4148730485882;;2,45298784119742;12,9543679101127;31,5125;7,78585268110404;51,2179000226651;191796256328,039;1030,33777555809;9,175;41,15;52,571000289917;37,9919314686905;188162834749,091;49,8433329264323;41,336667060852;2,48361384452657;24,7599928085716;6,62402296962745;16,4123386604993;16,7570225721089;10,6831100997422
137;Palaos;PLW;1,93999020072442;2,76999992132186;1,13920888294004;1,44234509551403;0,756978826979014;1,51377416608167;;47,4225967575816;7,62244510650635;15,4227547645569;;2,25374360230617;;214486385,233347;11690,4762441527;;;50,1199989318848;;233312098,275596;63,5299987792969;30,4350004196167;;;;17,9714628093638;16,4854611498017;-1,73442127165503
138;Panama;PAN;;6,56842098738018;6,07008561865497;4,2034700259442;5,9207810798749;4,05690617225118;-4,87961505716269;;3,78436330954234;15,4029099146525;52,5666666666667;3,12643159819721;77,4370500595688;35184913436,8421;9236,34166375374;3,03333333333333;56,7166666666667;55,7541666030884;29,1660296471313;32883902642,1053;58,6384213096217;45,5555555555556;;;;25,4430233175697;27,136246520721;30,6954588791678
139;Papouasie-Nouvelle-Guinée;PNG;-3,70769560281213;2,30999994277954;4,48232127182296;2,27302707358321;0,975739806400489;-1,1000304684815;8,52297923589239;20,4201317464119;1,94791001081467;9,71171998977662;41,9;7,94925392528748;32,2069894566746;14303575334,3979;1853,34555953489;5,1;47,3;45,5800018310547;37,9939656750828;13599784695,9615;47,3800010681152;37,2700004577637;8,00483863204723;44,447827858193;3,74085614240172;28,0423156468048;30,9099944931514;32,1726939972731
140;Paraguay;PRY;0,136896519051346;5,45157904373972;3,67326911024262;2,15790878989202;4,2383123054657;2,71505042323474;-3,23506691753725;13,9679420860377;3,31217445267571;19,6755898793539;50,9055555555556;7,57114916970398;31,6006505054575;25514984337,3459;3957,23422435095;3,92222222222222;55,7055555555556;65,6570587158203;33,0887757875887;24285707643,7334;65,5873688145688;58,428947649504;4,52867068133908;30,270384790816;5,12595491074905;22,5527623456377;24,1064218916908;26,9471768927952
141;Pays-Bas;NLD;-1,14550959757654;4,80578947067261;1,40683594585175;0,956427368429245;1,33721920835276;0,887068042633671;6,61988663570507;38,8256057525205;5,20355701446533;11,8912257587208;28,6;1,70921772715184;;778002911862,433;46646,1606238186;8,83571428571429;37,6428571428572;46,9921051828485;17,4563038466518;778825876272,364;61,4394736039011;69,6584207635177;;;;28,0793504241304;28,0460096208382;29,4089756692086
142;Philippines;PHL;-2,58528343067156;3,35222220420837;5,52587730288687;3,72911139891621;5,51493684289405;3,71819385541525;12,6798579094875;14,4049242380263;2,62016775872972;13,5696632597182;46,2;3,46422393934275;62,4821581155326;213502366744,334;2192,81434446992;5,28;52,36;64,0300009591239;34,447848151837;236265547276,59;59,1015793649774;41,6510529769094;5,5109579529852;77,3627107119267;2,93457297291825;36,0256120144453;32,6380436588718;17,0708292091745
143;Pologne;POL;-3,51553564485915;10,9231579554708;3,78621097273656;3,82749200792394;3,59160788892997;3,63271460070045;9,16917511543186;36,2003515128653;5,0297771061168;11,5652735093061;33,3857142857143;2,20806274657099;54,3636837571376;428759468950,957;11264,4284292274;7,18571428571429;40,7571428571429;21,2363160785876;15,8580490466456;415069803157,681;49,4089471917403;34,7252628928737;;;;17,4883429470965;18,019600683334;20,241590239368
144;Polynésie française;PYF;;11,7249999046326;;;;;;;;;;;;;;;;;25,9434139467361;;48,2933336893718;39,0933329264323;;;;;;
145;Porto Rico;PRI;;12,2000000100387;-0,170194981910936;0,748762674498287;-1,08433528581593;-0,16109896315003;;;6,27687001228333;;;3,07595676481454;;93107427910,5263;25882,9991233656;;;;20,3448239324252;61641527752,6316;35,3399993896485;32,7720001220703;;;;;;31,0228238412963
146;Portugal;PRT;-4,8357461566332;9,25421057249371;0,733701723762606;0,743951562680396;0,692717148594035;0,703035086305098;9,22555212087708;41,6291010780169;5,11671501398087;10,8370781540871;36,46;1,98622473600428;;211815119968,087;20272,4717950991;6,72;43,8333333333333;59,1378946806255;14,7864651088112;206978636445,131;54,9952631498638;38,7178945039448;;;;15,0187946107627;15,3495356384804;16,0848793406347
147;Pérou;PER;-0,526936629307634;4,07052632382042;4,87552129162483;3,74994030082213;4,7216178300841;3,59759640286435;-6,28932804187644;18,6086815250618;3,19017844451101;15,3746242523193;47,1055555555556;2,87222374012629;38,5399432055688;141897988984,18;4758,21294037357;4,08333333333333;51,8055555555555;75,8033332824707;29,8777993458981;134338090972,33;73,5626309043483;65,9578947769968;4,61610984996657;78,7814242203653;2,75872346374695;20,529012592093;21,7224234372022;23,6754232388013
148;Qatar;QAT;;0,430714285799435;9,06344673790898;0,273338931535616;;;16,4101390288642;;3,6281121628625;12,2290349687849;;4,68572402317748;64,8475059495743;116252119480,999;61170,1341271907;;;90,5999984741211;16,3151476172234;110729905627,616;86,3800005231585;65,7323080209585;;;;51,6339304269824;53,7283892297655;66,4833872014382
149;Roumanie;ROU;-3,10444777639033;6,49526311221876;4,12840431077952;4,9483388994299;4,07148113154943;4,89177323108244;3,1898654558447;32,4962719914318;3,44375645413118;10,1612183065976;36,35;10,4011506932581;35,7712605538018;156991543592,78;7783,95014890972;5,39166666666667;41,6666666666667;36,2847368340743;15,9288104122074;154136641884,08;51,7436840659694;31,6400000923558;;;6,0169321703683;19,9343501852813;20,2972569138406;19,3548043726603
150;Royaume-Uni;GBR;-4,06612029283502;5,64105263509249;1,76386130496131;1,08929653678663;1,6549542720991;0,981266402239646;15,0784296925581;38,2144336866762;5,12254247069359;13,2118957042694;34,1615384615385;1,99390986472205;135,125704068193;2592089846300,02;41173,0817742189;7,18461538461539;41,5;61,7421051828485;17,820641206814;2573245654970,05;58,962631627133;59,625789642334;;;;13,8451118811212;13,9160049056066;15,4903543501886
151;Rwanda;RWA;-2,73369921556097;9,96600008010865;7,71621079020866;5,11246661844205;7,57267466138965;4,97278166845439;-3,4725433281171;18,0326105383883;4,05436668793361;15,3911434014638;47;5,78392841318368;17,1801900260146;5938835187,81915;557,979433008319;5,525;53,775;58,3424997329712;41,6049542224781;5831497730,80213;58,1059997558594;45,1374988555908;1,38963331863959;41,9032123148886;6,014774008271;13,3590310810342;13,6064617447162;5,28899004226034
152;Région administrative spéciale de Macao, Chine;MAC;14,2045355622998;3,24210524559021;7,64524741555798;5,36858051134251;7,93351598421803;5,64326766547943;-67,7004672980368;13,5495497048074;2,56485662195418;13,3948572476705;;4,29898893612526;134,495461521194;30828327253,3077;53965,3900437407;;;67,1814280918666;15,0243364374465;26568200237,9634;67,2571424756731;44,2174999713898;;;;51,5794177355714;56,6197002340966;62,4860934132487
153;République arabe syrienne;SYR;;9,73374998569489;5,07156325831917;2,23258776416073;5,76824000849314;3,66114055252552;4,38495257840078;;5,15038877725601;18,4610223770141;35,8;6,55836231673764;73,4526633910682;27456282020,5001;1505,07765571153;7,6;44;;36,4366253474085;26624700113,4983;42,2737498283386;38,4528571537563;;347,576531238397;;23,9624685389679;24,7578152391875;24,7391690268954
154;République centrafricaine;CAF;-1,57286723362947;;1,44998032531198;0,025148934506088;-0,55234533382996;-1,29626536369063;12,4752783119863;10,9015579818301;1,38346201181412;9,29091706275939;49,9;2,85272226618854;19,1698504579019;1767601043,27063;407,372192247562;4,25;55,1;;44,1773789724375;1791377169,5855;;;1,28980004695872;24,8827567723694;5,15368468989923;;;2,93761179624046
155;République dominicaine;DOM;-1,81785848588728;6,31263163215236;4,9872095483491;3,68588034694989;4,98583210426245;3,68458253873066;14,2132618470513;14,3494201853646;1,94331997632981;11,7166748046875;47,8722222222222;8,86572223510333;34,7006344352468;53382579897,992;5391,63541617635;4,6;53,4555555555556;54,8968423542224;30,8663511234911;50973257363,9141;55,2889470552143;42,0289467259457;3,99387490581001;20,9136381267369;8,6912685352249;21,3265384980554;22,3945997930762;18,4443451339044
156;République démocratique populaire lao;LAO;;3,82333328326543;7,10844188409949;5,44331765396043;7,24540783359131;5,57301965962181;-2,00698653219633;;2,38646922661708;12,2705699480497;34,8;6,47908770817535;23,1360560940516;8634772288,41821;1311,70625124339;8,06666666666667;43,4;67,8949985504151;36,946381059177;8238787369,12208;68,2650003433228;62,1766668955485;4,19406732049343;11,5242416234852;11,8691556588294;13,5566336393713;14,1948635004194;15,7445169121169
157;République kirghize;KGZ;-1,22765291772035;8,22944450378418;4,4038054947586;2,89731898157565;4,33858121646864;2,83345910023059;0,013972258819945;26,3619466444128;5,72572936731226;17,116600597606;30,0555555555556;7,75069584170322;28,0060319583094;5079401407,12087;887,846440230051;8,98888888888889;39,3;30,7466659545898;31,3774699111471;4838359324,77166;58,173999786377;44,5976920494667;7,41838979207702;28,5958718979962;10,2934226263825;17,0472624122078;17,8535517875037;-2,08168195292766
158;République slovaque;SVK;-3,78931638052596;13,0031579168219;3,92679552401375;3,86207139659009;3,92818138436347;3,87207535742506;13,5429219573529;39,4619848727077;3,97890887540929;9,74174005845014;26,6076923076923;1,95509287317045;;81468411907,4803;15071,2044620016;8,74615384615385;35,5615384615385;19,4921051828485;16,1191382975145;79838659567,7606;51,7721047652395;34,259473901046;;;;22,4649252328377;22,9252971036326;25,3580993807403
159;République tchèque;CZE;-2,47149865008668;5,91473684812847;2,85348531494301;2,64007324564766;2,65813407719905;2,34947401240943;7,44931266264452;34,25306171353;4,21558467079611;9,92687477784999;26,26;1,87675383614556;68,6021537126137;182568906693,551;17461,5482628648;9,56666666666667;36,26;21,7631579951236;14,9370396724369;171284013275,069;55,7815786662855;32,8563157131797;;;;25,811904555271;27,4050988682826;31,8972912180346
160;Saint-Kitts-et-Nevis;KNA;0,991605627946284;5,11999988555908;2,13717641066576;1,167874567348;;;6,91765350927899;24,0865821924495;3,75618121027947;11,8208887577057;;2,86628394427201;121,236665547528;757184520,387834;15310,2766698417;;;;;717538841,832086;65,2600021362305;;;;;;;
161;Saint-Marin;SMR;2,93282785445563;4,97272726622495;0,075894058585848;-1,06622865052756;;;;38,2763091207352;3,0737475156784;12,1308200359344;;1,45144512621255;;1693748810,34843;54723,9805629242;;;91,0849990844727;;;92,7350006103515;36,1500015258789;;;;;;42,1324045283985
162;Saint-Martin (fr);MAF;;;;;;;;;;;;;;;;;;;;;;;;;;;;
163;Saint-Vincent-et-les Grenadines;VCT;-1,98894570074245;19,9450006484985;2,12756947174125;1,9890958351555;;;3,88659789824262;23,7862545604608;6,26620107226902;21,5045119391547;;1,83897308204457;72,3735759552827;661547235,867446;6076,09043616334;;;;26,1739527049289;645381729,288819;51,0499992370606;50,9050006866455;4,43449048001729;39,8227612672309;9,12169899938102;;;
164;Sainte-Lucie;LCA;-2,4696515285146;18,122857093811;1,79434970666605;0,973155406979885;;;1,10836943242312;17,1043064255695;3,97717334429423;16,5098720550537;51,2;2,65801913613215;70,9316891204914;1493451643,27485;8606,32726257715;3,1;55,4;83,5733337402344;23,8549131070524;1405141854,66737;55,0569226191594;58,0062499046325;2,95205067902937;40,719806360683;7,31024401569433;;;
165;Samoa;WSM;-6,02101758770169;7,31166672706604;2,32551621903356;1,67196782461917;;;-4,69494205218784;29,5354623043777;4,24352741241455;13,0268952846527;40,4666666666667;2,8866114189278;42,6551869908089;623568445,662046;3314,37112327216;6,5;47,8;30,2049989700317;38,8846925692655;614673210,209509;37,8550002574921;28,7350006103515;2,12861167381228;40,98433175243;10,4873738981183;;;
166;Samoa américaines;ASM;;9,58999967575074;-1,1628511324315;-0,77334796188651;;;;;;;;2,93298498868493;;584764705,882353;10271,3438205279;;;;;;50,8700008392334;;;;;;;
167;Sao Tomé-et-Principe;STP;;16,0785713195801;4,70038478761339;2,42061305744192;;;-4,33211999349806;;5,36246065795422;14,4141519069672;43,55;10,654920518432;33,9586070571674;230314849,306936;1228,88450871575;6,15;50,35;;43,4499870767694;230013261,469628;29,2299995422363;;2,86407026480744;20,9984276150277;13,514292601782;;;
168;Serbie;SRB;-2,25471874816595;17,2094735095375;3,47657744030421;3,90589210444661;3,17275114213458;3,60079426870696;1,51757698510678;35,8431403013289;4,04754088141701;9,52259453860196;39,2333333333333;11,5266175582169;36,5524867673141;38730832108,0884;5366,72135767017;4,63333333333333;44,0166666666667;39,1691665649414;17,4995539342331;37501280538,8595;41,9933331807455;30,3857138497489;9,69180544679828;42,4363659954184;8,0312862850766;14,1552694596534;14,737866444752;7,1517986060711
169;Seychelles;SYC;2,49411965733538;4,62000007099575;3,38701407715155;2,38453583983389;1,54814339873792;0,264122270072505;38,9415552686078;29,6030571390205;4,20894750952721;10,3413949012757;46,8;7,52568783529897;77,1153532486782;1107035285,03071;12358,5889231746;5,4;53;30,3400001525879;24,1743998645142;1047858593,82317;66,0349998474121;54,9299998283386;;;;15,6537755441888;16,6021418648239;21,1757675699505
170;Sierra Leone;SLE;;4,04999995231629;5,89968287734495;2,95554057600071;6,89116015097334;3,87388716499261;13,6670100690145;;3,49722120341133;17,9152770322912;36,6333333333333;13,7930738665366;18,9229974300237;2891026237,20623;436,274615539773;7,46666666666667;44,8;47,939998626709;42,847687932603;2858473421,33574;61,2433344523112;36,8579998016357;1,40933562572443;27,6017904128997;5,39853170490883;3,82511687361235;3,61694862406008;-4,65482349296709
171;Singapour;SGP;6,26243247405589;4,49235294846927;4,91668130318407;3,02322444715516;4,44121186028499;2,55029772866088;-12,9282125108387;14,1190691627323;3,22066923288199;24,4708982614371;75,7;1,18173739656797;119,59876735559;231085925404,889;44911,1045270686;;;94,7399978637695;14,8431429595684;218700915563,777;63,0516666836209;38,2624998092651;;;;44,6737127402396;46,879633176989;51,0046440629523
172;Sint Maarten (Dutch part);SXM;;;0,064184023143663;-1,80191909606983;-0,999769576182988;-3,76555208787412;;;;;;3,86090540828876;;1135495810,05587;29983,1155321724;;;;;1122699832,40224;;;;;;20,4473341641934;20,7235916928471;17,7352865853031
173;Slovénie;SVN;-3,03921710694453;6,77368425068102;2,39980974816075;2,14135118400944;2,08611693083029;1,78652029279377;8,17521910416833;41,775678176357;5,39129708794987;12,478671690997;24,8857142857143;2,70334959611172;;43545774098,0554;21323,9896218603;9,74285714285715;34,7857142857143;31,7994733107717;14,4336001096958;42835973855,8635;54,3342102452328;37,6047373319927;;;;24,9110539526126;25,301930651522;26,9452842254972
174;Somalie;SOM;1,02742541068221E-05;;;;;;;0,000233728291425;;;;;;;;;;;47,6311379366076;;;;;;;;;-62,520002408738
175;Soudan;SDN;-2,44519203899991;15,0800002415975;4,17594689338614;3,04243003553195;3,98413027971347;3,19850827261177;7,70507178220906;12,1538963133873;1,83375666538874;8,89811531702678;34,8;20,070279482687;21,4809607511599;42379812092,4613;1052,69966710971;7,3;42,4;45,1500015258789;42,5237485731582;40540359873,3408;41,2099990844727;32,9549989700318;0,95474220774907;3,61159167028259;17,6540657957839;22,2585898599815;23,1390251675334;25,7885576298122
176;Soudan du Sud;SSD;;12,1499996185303;-4,92533797777701;-7,68061458170649;2,41520930613899;0,18525755015896;10,6416779784242;;1,24586200714111;2,49176858152662;46,3;16,276932382323;20,0364372808653;14080606755,7446;1432,64591628141;3,9;50,5;;43,4351013135176;11985337947,9632;65,1800003051758;64,4800033569336;;;;8,39514516648046;9,71944769234668;26,5402639364375
177;Sri Lanka;LKA;-6,62289288122015;5,6631579148142;5,08339685673606;4,26251123440994;5,01704035654445;4,19644286307882;15,2988413043719;18,5252258695214;2,12337799072266;10,9134219169617;39,34;8,58700279788818;43,9318950058679;52981134295,643;2563,8009010938;7,1;47,14;53,8066664801704;25,2308066978786;51886583257,6758;49,4494739331697;36,0969229478102;4,1899097388028;19,9361138151022;11,3022397290278;25,4873192192567;25,9663256076424;20,1723583371948
178;Suisse;CHE;0,215715691051562;4,22578950932151;1,78825701593379;0,845857641484649;;;10,7267598770505;17,5755646563142;5,08013531740974;15,6643203847549;32,7307692307692;0,449048885658849;150,192183873763;554259376283,822;69770,4794040278;7,75384615384615;40,5692307692308;50,2042107833059;15,5402144408351;565125864854,335;64,9400008352179;67,8268424586246;;;;34,4699735557618;33,6160360326104;33,6058688025305
179;Suriname;SUR;;7,74222225613064;2,99441326321466;1,85736171354083;;;7,14307429712959;;;;83,2;14,970300391229;53,2999454259828;3258025946,67599;6058,80231523965;;;63,8200016021729;29,5721820531051;3127367709,09938;56,4762496948242;32,8962500095367;;;;51,4957455528736;51,8773342556427;50,0717668601235
180;Suède;SWE;0,613741505771299;6,94526313480578;2,16879194683696;1,37803984746709;2,3036573298549;1,5121188600251;2,51183299029321;32,5178259495314;6,90446704976699;13,8819759032306;27,6533333333333;1,76411407793658;60,8744974616486;469937901671,432;49496,677189708;8,62;36,4333333333333;48,4084205627442;17,2469072323855;478917346531,121;63,0110525833933;52,6473685816715;;;;28,5260267555307;28,0141092919227;28,2624554386881
181;Sénégal;SEN;-3,46802241380017;6,80499994754791;4,64825088869858;1,88267134148477;4,6160210402557;1,85148363602078;1,85225676169414;19,03552591564;4,35283472958733;20,6992597018971;40,2333333333333;1,75416384846069;28,1081859829665;15656777819,9898;1186,43505251672;6,3;47,0333333333333;45,9724998474121;43,6134676295887;15403395356,9896;49,0366662343343;38,046667098999;2,3792380950082;;12,6960680235222;16,2293164770014;16,4894361811925;9,7286743559936
182;Tadjikistan;TJK;-3,77901699482752;3,81111113230387;7,64723222614508;5,37957556471057;9,45947050533376;7,29893185507279;-2,74192422282406;11,4658302796093;3,494116966541;14,3896861443153;32,66;13,6556558670947;18,7251478881361;5257891720,02188;659,58858650014;7,78;40,7;27,6499996185303;37,1746959901949;6351261761,16187;38,5175006389618;37,3674998283386;5,495776216509;12,9831238473334;7,18147789933605;18,0285187834397;15,4170586302792;-9,87891742320803
183;Tanzanie;TZA;-1,14375326928261;2,98714283534458;6,42872893174941;3,40322807154261;6,44121734315207;3,42467004682294;1,74392559742397;14,6137673483616;3,83510203361511;19,0172630310059;39,5333333333333;7,83041712931342;21,0496085277332;34166179429,8629;743,063661001701;6,86666666666667;47,0333333333333;75,6920013427735;44,6778962178357;33531617338,1002;81,2740005493164;72,1940002441407;0,834658421804238;34,3205084031124;4,4691804593776;25,5729881711725;25,9674246064009;24,8119002842881
184;Tchad;TCD;;1,12999999523163;6,90964585364781;3,31965383095542;4,61033082547329;1,15853537193697;3,96803307370102;;2,1974577638838;11,6969243155585;41,55;4,03149681364332;12,2572022670736;8894262863,36121;709,63162810635;5,6;47,65;55,8699989318848;48,4916878949282;8374107635,93585;59,2299995422363;38,5099983215332;1,30203616278583;26,2124493496802;6,6175602680745;;;19,1334379906108
185;Thaïlande;THA;-0,468427246060853;1,06263157254771;3,95266392886953;3,40172869622444;3,84953855554441;3,29963879175911;10,5374865157508;17,6255328700289;4,02896694036631;19,9645624894362;38,8466666666667;2,5183145833545;115,846197323913;320269735606,195;4732,45185205448;6,76666666666667;46,0733333333333;71,0690002441406;19,622918462941;306468953117,778;69,7405271028218;46,7405558692084;6,75603872765312;116,111490018739;1,64640155415573;29,5275786090434;30,8054715796857;31,9085927165491
186;Timor-Leste;TLS;83,9953402487092;6,31666652361553;4,52776072676093;2,46736512561591;6,47067505711538;4,35815967405723;-31,8872619241447;66,8161285323393;8,5018691149625;7,71846450458873;30,8;5,0550171392699;31,9566897857977;1003243389,47368;879,408646326256;8,73333333333333;39,8;41,2433325449625;41,9784329141981;2346687847,36842;45,9400000572204;27,9474992752075;0,072704952536704;517,093548057521;1,31946313120443;161,547562913627;48,2090600931945;-58,5862085851482
187;Togo;TGO;-2,22309480759791;3,52399997711182;3,88439616559614;1,21075284847388;4,05370701590873;1,3754529199999;2,63312147287072;15,9944398145517;4,09474280145433;20,1946827570597;43,7666666666667;2,14793219435284;39,0244923022081;3469806335,56677;520,152050321071;5,3;49,7666666666667;75,4120002746582;42,482197255074;3484102291,84396;64,3880004882813;52,129999923706;1,59189237125112;;4,6215374997404;16,5463413388396;16,5112001086782;8,98451707032296
188;Tonga;TON;0,849109739306896;3,11333326498667;1,63810926366213;1,29813792049967;;;-6,76401137553531;29,0989720020398;4,09825998544693;17,9398577213287;37,6;5,15756039451669;46,4422188954635;356223488,731313;3488,41061980712;6,56666666666667;44,7333333333333;39,7000007629395;37,1589661300723;364874709,889977;41,75;24,4200000762939;1,53707797401177;73,8758296183323;6,8346940012855;14,0044068767464;13,7819938626477;-16,3330712012551
189;Trinité-et-Tobago;TTO;-0,959354614351562;5,73312503099442;2,96049745580682;2,44193410303486;;;-7,49408029972729;28,8911986691998;3,24829999605815;13,4535700480143;73,2;3,98806591987632;52,942403519756;20610250738,9139;15384,4535151418;;;46,5385714939662;21,3702252063685;19665822335,2035;58,1068751811981;48,1153849088229;;;;;;
190;Tunisie;TUN;-2,38003664206933;14,5966666009691;3,06290143031572;2,05904370572517;3,52222460808566;2,56652023835053;7,49898040883283;27,7593554464689;6,39890917142232;25,16792456309;35,4333333333333;4,21562433366358;63,4617983081033;38413095756,8292;3585,70855297544;6,96666666666667;42,8333333333333;53,8049996693929;24,7012612903981;36802871000,8849;39,880833307902;31,3025002479553;6,25114561082783;28,1036412027982;16,1885878549203;16,4277563692408;17,1785620164098;16,1953984337859
191;Turkménistan;TKM;;4;8,31316134615883;6,76265670525589;;;;;3,04924988746643;21,8193597793579;63;11,9950408754966;;22872941332,8895;4292,73337479903;;;;31,3584685754446;21429433842,8898;;;3,12835408045455;;0;;;55,2251468288538
192;Turquie;TUR;-1,54015213402242;10,1731578927291;4,83467575913461;3,31565236735854;4,8341791144891;3,31526535126852;17,8998322650831;31,4624205676429;2,81014800071716;7,34458389282226;40,7058823529412;13,6882683056568;47,3172521847683;676618416278,992;9099,62442096876;5,7;46,9764705882353;48,6771422794887;27,0848198111814;668961365170,937;44,1700003774543;39,6042107029965;8,57019306894072;26,7643921540247;4,68336560756315;23,8274770269559;24,1264810490822;24,7337081966485
193;Tuvalu;TUV;;7,50999999046326;2,55253122800908;1,40089206447688;;;;;;;39,1;3,20220055792831;;30689616,8428524;2868,25282493068;6,6;46,4;54,8199996948242;;47759601,339247;51,9950008392334;40,5299987792969;;;;;;
194;Ukraine;UKR;-2,37951547463004;8,38368435909874;2,43053201230151;3,27058174127494;2,75282783405168;3,59611103943939;12,0047210647874;35,8153159216899;5,93727000554403;13,6151513417562;26,4470588235294;15,7769559809116;45,9292787557039;115866917730,391;2575,24192590324;9,68235294117647;36,2764705882353;27,5500007629395;15,0061243205257;115306546493,899;57,5156254768372;36,8344442579481;13,2587303164422;23,7106042142492;8,80738553252895;20,1183334338081;20,2526072601191;17,6883917865962
195;Uruguay;URY;-2,27998055900523;9,64105257235075;2,87512110574174;2,64808823282744;2,62639492685871;2,40740341504603;9,08249241644771;29,7727905623428;3,42881798744202;11,1642999649048;43,0444444444445;7,93582561014457;47,857367403361;37791085114,9292;11147,4474586304;5,21111111111111;48,8;61,8452632301732;22,3499046049992;36003409595,9681;57,0394732826634;52,5852631016781;;;;15,0135299082056;15,627009791705;18,5688032503294
196;Vanuatu;VUT;1,71118122166108;4,80666673183441;2,70935028536082;0,130902613240978;4,42603678061998;1,7817788114156;-2,61761242061557;23,4063999186321;6,39447247982025;25,7564834356308;37,6;2,94133474332119;87,5333470453624;629641583,371981;2545,70254101576;6,7;44,8;69,7000007629395;39,1160639168949;618182525,576726;66,646666208903;54,0166664123535;1,07755115567007;82,2447802094835;7,046944307631;20,8965587127466;21,536863297996;19,9047806022434
197;Venezuela;VEN;;9,2320000330607;2,98938480191003;1,4055653637775;3,02133579445952;1,43845953889103;1,72944985983917;;4,72368669509888;;49,7166666666667;26,7802347529323;31,5636148398122;254377828631,165;9039,56776745874;2,55;53,0333333333333;62,4689998626709;30,1252084857253;250570701042,861;59,16428565979;44,5857140677316;6,416510071628;31,9343412551893;;29,846118083887;30,3119375262735;31,6291280181343
198;Viet Nam;VNM;;1,76000000448788;6,46187260750936;5,41250874027195;5,85421629718321;4,81050712924229;7,55230134529408;;4,91896629333496;16,9490802288055;36,2111111111111;7,9810063342745;106,248531053538;129128627798,496;1422,47748356283;7,06666666666667;43,7333333333333;77,1663644964045;25,0877459270265;123428710598,467;73,1882351146025;56,5017648584702;3,22145127379393;48,8437781070325;5,06276110396207;30,2085114603591;30,7057111246842;27,1557178737799
199;Yémen, Rép. du;YEM;;15,5249998569488;-0,131733969900702;-2,81235457769366;;;5,53736184337998;;7,19454526901245;21,4052596092224;35,7;12,7203743364051;34,1713197105557;25502801749,8224;1069,12580459995;7,6;43,95;33,2800006866455;43,3008116832142;24307541144,4143;34,9750001430511;28,0299997329711;1,11419538946665;97,151986177568;6,22832416123463;;;
200;Zambie;ZMB;-2,41070748159212;11,4183332125346;5,95681166737898;2,99345129846713;;;13,5945744202075;17,3106017747568;2,90742751955986;11,7233712077141;52,74;12,3675688031972;19,7691510304214;17363616946,8347;1195,27364640043;3,96;57,92;32,1849994659424;46,5508132838345;16643316473,8868;53,1683333714803;39,8099999427795;3,69422114596318;25,3542336930761;11,4580148511868;34,4780838862509;35,599757442907;36,3040711388945
201;Zimbabwe;ZWE;-3,81285000078239;7,8475000858307;0,533590768800426;-0,597111558699265;8,41282686377576;6,71931697490667;22,0208030685469;21,4708670578354;5,23978825410207;22,7987899780274;43,75;7,68220608605477;47,26417131169;12914486026,3158;966,41151720421;5,9;50,4;69,4033342997233;41,8592159560627;11753325789,4737;66,515998840332;60,061999130249;3,69484772054984;4,48714133122987;7,4168342562121;-5,61314812089591;-6,35575438012497;-4,42148444574927
202;Égypte, République arabe d’;EGY;-7,96312079194363;10,8433334032694;4,28712362117524;2,23797025178556;4,06219456228585;2,01744599661392;40,6434178068615;29,5319056192054;4,30966663360595;13,0523748397827;30,7833333333333;10,9691496107895;85,7683112944245;199936745721,432;2302,84142713696;9,26666666666667;40,5666666666667;27,116363698786;33,6511578579848;196790829931,959;39,9458823484533;32,4712495803833;2,16022365367935;57,582226199847;8,37461441765648;16,6863866919891;16,821374822461;11,1836566863799
203;Émirats arabes unis;ARE;0,187131208367684;2,36249998211861;3,88361347393397;-2,03956806146231;3,78849430343189;-2,16579902942939;-1,42108715963292;4,14352192292257;;;32,5;4,08139467560202;66,2376237611592;287758013727,797;38784,61770457;6,2;38,2;80,7099990844727;15,9894952766524;289896272120,545;75,0683326721191;49,4800003051758;;;;;;42,9157720452808
204;Équateur;ECU;;3,92499999205271;3,48471016107685;1,78476860715793;3,6870859574058;1,98370688515495;-0,899283477196057;;4,78344869613647;12,2554129191807;48,60625;6,28868517554664;33,9315852058384;70409220631,579;4546,88406788009;4,1;53,65625;62,3361106448703;31,0977119153276;68708079678,9474;62,9457887348376;47,5584210847553;7,14622002573182;12,5595184557807;10,1999852777313;24,7005782411249;25,3947598462772;23,4091256181724
205;Érythrée;ERI;;;1,68696370603248;-1,37616226438951;1,66753700352985;-1,39472532813648;100,543425410526;;3,21175754070282;5,60122740268707;62,1;13,9177019891368;138,860188009068;1270905024,24092;435,109596611318;;;;40,0918484900549;1259099369,1599;;;1,31304439632031;11,2608366239353;;;;-22,9552853364181
206;États-Unis;USA;-4,63092363458528;6,08500001430511;1,98460653558423;1,17639397225415;2,02915007636944;1,20239568089779;28,1812597506709;22,3797360500947;4,94639492034912;;40,58;1,94602717473261;83,180942718322;15535324179157,9;50080,642380689;5,26;46,1;41,348999786377;20,1060968425285;15762188573684,2;60,5729997634888;57,6799997329712;;;;18,0944174905244;17,8351411117139;17,2759873116154
207;Éthiopie;ETH;-3,2586001463472;2,375;9,0902520194771;6,11126560672655;9,18372416674683;6,25012172615096;21,8229231792533;11,8063548604923;4,79105999072393;24,651669104894;32,6666666666667;11,8155124126388;41,4255407982535;39527754341,0322;409,47920237798;8,23333333333333;41,3333333333333;78,75;44,3019982599607;39379998004,5336;79,6900024414063;75,2150001525879;1,21991720448261;22,2181808301741;6,21514135882308;30,9355130581785;31,0409967800186;20,5896586478214
208;Île de Man;IMN;;1,75583333273729;4,69546866816849;4,17898747994833;;;;;;;;5,11786721254093;;5188014061,00175;62400,7315471827;;;;;5150783642,00028;66,6850004196167;55,4250001907349;;;;;;
209;Îles Anglo-Normandes;CHI;;;0,862176539844264;0,267171980898208;;;;;;;;3,56508892053224;;8400073589,99525;55408,7747900504;;;;15,8517253715362;8090131625,75721;;;;;;;;
210;Îles Caïmans;CYM;;4,98999994595846;1,04366060431456;-0,901660912867505;;;;;;;;1,29678671378434;;4571268880,64132;78445,7854505429;;;62,1400003433228;;3125205648,50048;78,7881816517223;54,6333334181044;;;;;;
211;Îles Féroé;FRO;;3,84999998410543;;;;;;;;;;;;2234999755,17957;46669,426068374;;;;;2251827458,58432;;;;;;26,0023629942072;25,286716421912;18,8439226228182
212;Îles Marshall;MHL;2,40912257081412;15,0550003051758;1,56109156916842;0,770862205492937;1,38382240373175;0,878078757437957;;54,4172516520196;10,0143899917603;17,4552303949992;;2,19643166783367;;165391233,333333;2945,52396884705;;;;;208776794,444444;39,3300018310547;;;;;25,4994138423797;20,2169099181823;-32,8415174191942
213;Îles Salomon;SLB;1,27667944687928;1,35499998927116;3,5552156963403;0,950794347183637;;;-1,72865396829953;28,7852735446554;9,37868976593018;18,8125057220459;41,6;6,21504795203714;31,3109590262379;929640588,240222;1654,57640655554;6;48,3;91,8300018310547;40,8580698243764;904177945,163719;73,3999996185303;70,7799987792969;2,12193872359528;124,900717439276;1,31990368257219;-0,614082384798705;-0,610844042302855;-5,3759492502373
214;Îles Turques-et-Caïques;TCA;;7,84249991178513;4,47764774084108;2,73494582510641;;;;;3,87562159697215;13,1927599906921;;1,94303319255455;;752958836,842105;23146,6626028757;;;;;981761260;67,012499332428;;;;;;;
215;Îles Vierges (EU);VIR;;;-1,42461987554299;-1,34943797981732;;;;;;;;2,90625292444684;;4015187500;37116,9979246638;;;;21,3567573957513;;;;;;;;;
216;Îles Vierges britanniques;VGB;;;;;;;;;3,32586775885688;;;;;;;;;;;;;;;;;;;
